naics,permanent_job_losses,company,workforce_area,jobs,begin_date,email,total_notified,received_date,furloughs,at_the_location,location,occupations,notes,fein,phone,dropdown,end_date,temporary_job_losses,notice_date,letter,reason,contact,reduced_hours,workforce_region
52: Finance and Insurance,101,TIAA,"Denver, RC",101,3/3/26,,101,1/2/26,0,,,Various (See WARN),,,,,3/17/26,0,1/2/26,TIAA,Not Specified,,0,
"54,1714 R&D in Biotech (except Nano)",1,Tessera Therapeutics,Rural Alliance,1,3/8/26,,90,1/6/26,0,,,Not specified,,,,,3/8/26,0,1/6/26,Tessera Therapeutics Inc.,Not Specified,,0,
"48,8510 Freight Transportation",729,Alan Ritchey,Adams,729,2/28/26,,729,1/6/26,0,,,Various (See WARN),,,,,2/28/26,0,1/6/26,Alan Ritchey Inc,Closure,,0,
31-33: Manufacturing,134,EPTAM West LLC dba Precision Metals,Pikes Peak,134,3/16/26,,134,1/15/2002,0,,,Various (See WARN),,,,,9/30/26,0,1/15/26,EPTAM West dba Precision Metals,Closure,,0,
"56,2910: Remediation Services",1,Battelle,Pueblo,1,3/16/2026,,1,1/15/2026,0,,,Technical Manager Level IV,,,,,3/16/2026,0,1/15/2026,Battelle,Projec Milestone Completion,,0,
"56,1210: Facilities Support Services",118,KIRA Training,Pikes Peak,118,2/28/26,,118,1/28/26,0,,,Various (See WARN),,,,,2/28/26,0,12/29/25,KIRA Training,Contract Ending/RIF,,0,
"62, 1330: Offices of Mental Health Practioners (Except Physicians)",132,West Pines Behavioral Health,Jefferson,132,3/31/25,,132,1/8/25,0,,,Various (See WARN) Appendix A,,,,,3/31/25,0,1/8/25,West Pines Behavioral Health,Closure / Acadia,,0,
"56,2910: Remediation Services",232,Battelle,Pueblo,232,3/17/25,,232,1/16/25,0,,,Various (See WARN),,,,,12/31/2026,0,1/16/25,Battelle,Closure,,0,
"21,3112: Support activities for oil & gas operations",11,Total Frac Solutions,Weld,11,3/31/25,,11,1/28/25,0,,,Various (See WARN),,,,,3/31/25,0,1/28/25,Total Frac Solutions,Closure/Mass Layoff,,0,
"54,1330: Engineering Services",40,Amentum,Pueblo,40,1/28/25,,40,1/28/25,0,,,Supervisors/Managers/Technicians,,,,,3/31/25,0,1/28/25,Amentum,Partial completion of PCAPP Project,,0,
"33,591: Battery Manufacturing",1,QuantumScape Battery,Larimer,1,1/28/25,,54,1/28/25,0,,,Professional (See WARN),,,,,1/29/25,0,1/28/25,QuantumScape,Mass Layoff,,0,
"62, 1330: Offices of Mental Health Practioners",158,Johnstown Heights Behavioral Health,Larimer,158,3/31/25,,158,1/30/25,0,,,Various (See WARN),,,,,3/31/25,0,1/30/25,Johnstown Heights Behavioral Health,Closure,,0,
"42,4470: Meat & Meat Product Merchant Wholesalers",45,"Sherwood Food Distributors, Harvest Meat Company, Western Boxed Meat Company",Arapahoe/Douglas,45,2/18/25,,45,2/18/25,0,,,Not Specified,,,,,4/21/25,0,2/18/25,Sherwood Food Distributors,Closure,,0,
"62,2110 Healthcare & Social Services",187,West Springs Hospital,Mesa,187,3/10/25,,187,2/24/25,0,,,Various (See WARN),,,,,3/10/25,0,2/24/25,West Springs Hospital,Closure,,0,
"33,4413: Semi-Conductor & Related Manufacturing",238,Microchip,Pikes Peak,238,5/3/25,,238,3/4/25,0,,,"Production Specialists, Technicians (See WARN)",,,,,5/6/25,0,3/4/25,Microchip,Operations Reduction,,0,
"42,4470: Meat & Meat Product Merchant Wholesales",150,Meati,Adams,150,3/6/25,,150,3/7/25,0,,,Various (See WARN),,,,,3/6/25,0,3/7/25,Meati,Closure: Lack of funding,,0,
"Sector 56,2910: Remediation Services",93,Amentum,Pueblo,93,5/1/25,,93,3/24/25,0,,,Various (See WARN),,,,,5/31/25,0,3/24/25,Amentum,Completion of Mileston,,0,
"13,7331: Concrete Block & Brick Manufacturing",21,Block Inc.,Remote Workers,21,3/25/25,,21,3/25/25,0,,,"Engineering, Design, Product, Business, Sales, and Customer Operations functions",,,,,3/25/25,0,3/25/25,Block Inc.,Reduction in Force,,0,
"71,3920: Skiing Facilities (HR Shared Services Unit)",64,Vail Corporation,Rural Consortium/Broomfield,64,6/2/25,,64,4/2/25,0,,,,,,,,6/2/25,0,4/2/25,Vail Corp,Closure of Operating Unit,,0,
23: Construction,44,JVS Masonry,Adams,44,5/31/25,,44,3/31/25,0,,,Not Specified,,,,,5/21/25,0,4/1/25,JVS Masonry,Closure,,0,
62: Healthcare,89,Robert Russell Eastern Star Masonic Retirement Camps,Denver,89,4/15/25,,89,3/31/25,0,,,"Administration, QMAP, RA, Dietary, Sales, Nursing",,,,,4/15/25,0,4/1/25,Robert Russell Eastern Star Masonic Retirement Camps,Natural Disaster,,0,
Sector 31-33: Manufacturing,22,Thule Inc.,Boulder,22,10/3/25,,40,4/16/25,0,,,"Product Managers, Product Designers, Product Development, Project Manager, Pattern Designer, Image & Video Manager, Graphic Artists CSM Logistics Analysts, EDI Program, System Admin",,,,,10/3/25,0,4/16/25,Thule Inc.,Closure,,0,
"56,2910: Remediation Services",234,Battelle,Pueblo,234,6/20/25,,234,4/21/25,0,,,Various (See WARN),,,,,7/3/25,0,4/21/25,Battelle,Closure - Project End,,0,
48:49: Transportation,104,Hallcon,Multiple,104,4/25/25,,104,4/24/25,0,,,Various (See WARN),,,,,6/25/25,0,4/24/25,Hallcon,Closure,,0,
"52,2180: Savings Institutions & Other Depositor Credit Intermediator",84,TIAA,Denver,84,,,84,4/29/25,0,,,Various (See WARN),,,,,,0,4/29/25,TIAA,Closure/Move to smaller office,,0,
"32,4110: Petroleum Refineries",125,Chevron,Denver,125,7/1/25,,125,5/2/25,0,,,Various (See WARN),,,,,7/1/25,0,5/2/25,Chevron,Reduction in Force,,0,
"54,1330: Engineering Services",92,Amentum,Pueblo,92,8/25,,92,6/5/25,0,,,Various (See WARN),,,,,8/25,0,6/5/25,Amentum,Closure,,0,
"54,1330: Engineering Services",135,Amentum,Pueblo,135,9/30/25,,135,6/24/25,0,,,Various (See WARN),,,,,9/30/25,0,6/24/25,Amentum,Closure,,0,
522210 - Credit Card Issuing.,30,Nordstrom,Arapahoe/Douglas,30,8/16/25,,30,6/27/25,0,,,Various (See WARN),,,,,2/20/26,0,6/26/25,Nordstrom,Reduction in Force,,0,
561210 - Facilities Support Services,152,Sodexo,Pikes Peak,152,6/30/25,,152,7/1/25,0,,,Various (See WARN),,,,,6/30/25,0,6/11/25,Sodexo,Loss of Contract,,0,
92: Public Administration,10,Bowhead Missions Solutions LLC (Aviation Way),Pikes Peak,10,8/28/25,,10,7/8/25,0,,,Military Operations Analysts,,,,,8/28/25,0,6/27/25,Bowhead(Aviation Way),RIF,,0,
92: Public Administration,76,Bowhead Mission Solutions LLC (Newport Rd),Pikes Peak,76,8/28/25,,76,7/8/25,0,,,"Military Operations Analysts, Exec Assistants, QA Engineer, Program Mnager, Security Specialist, SME",,,,,8/28/25,0,6/27/25,Bowhead (Newport),RIF,,0,
23.6220 Commercial and Institutional Building Construction,2,QualityBuilt,Multiple areas Remote Employees,2,7/3/25,,2,7/7/25,0,,,"Consultant, Director",,,,,7/3/25,0,7/7/25,QualityBuilt,Unforeseen Business Circumstance/Closure,,0,
"54,1613 Markeing Consulting Services",70,OneTouch,Denver,70,7/10/25,,70,7/10/25,0,,,Not Specified,,,,,9/12/25,0,7/10/25,OneTouch,Closure,,0,
"54,1330: Engineering Services",9/12/25,Battelle,Pueblo,,9/12/25,,7,7/15/25,0,,,Various (See WARN),,,,,9/12/25,0,7/14/25,Battelle,Closure/cease operations,,0,
522210 - Credit Card Issuing.,43,Nordstrom,Araphaoe/Douglas,43,10/18/25,,43,7/29/25,0,,,Various (See WARN),,,,,2/28/26,0,7/29/25,Nordstrom,Close operation transition to TD Bank,,0,
"54,1330: Engineering Services",55,Amentum,Pueblo,55,10/31/25,,55,7/30/25,0,,,Various (See WARN),,,,,10/31/25,0,7/30/25,Amentum,Related to milestone completion,,0,
"52,2180: Savings Institutions & Other Depositor Credit Intermediator",66,TIAA (Update),"Denver, Broomfield",66,10/1/25,,66,8/1/25,0,,,Various (See WARN),,,,,10/1/25,0,8/1/25,TIAA,Reduction in Force,,0,
"54,1330: Engineering Services",14,Battelle,Pueblo,14,,,14,8/11/25,0,,,"5 - Tech Mgr Level 1, 2 Demil Tech III, 7 Demil Tech IV",,,,,,0,8/11/25,Batelle,Closure,,0,
"13,7331: Concrete Block & Brick Manufacturing",2,Block Inc.,Remote Workers,2,10/13/25,,2,8/12/25,0,,,Not reported,,,,,10/13/25,0,8/12/25,Block Inc.,Reduction in Force,,0,
522210 - Credit Card Issuing.,28,Nordstrom Credit Bank,Arapahoe/Douglas,28,11/15/25,,28,8/22/25,0,,,Not reported,,,,,2/28/26,0,8/22/25,Nordstrom Credit Bank,Reduction in Force,,0,
"54,1330: Engineering Services",60,Amentum,Pueblo,60,10/31/25,,60,8/25/25,0,,,Various (See WARN),,,,,10/31/25,0,8/25/25,Amentum,Project milestone completion,,0,
"54,1330: Engineering Services",3,Battelle,Pueblo,3,10/24/25,,3,8/25/25,0,,,Various (See WARN),,,,,11/6/25,0,8/25/25,Battelle,Project milestone completion,,0,
"21,2299: All Other Metal Ore Mining",19,Newmont,Denver/Arapahoe Douglas,19,10/28/25,,19,8/28/25,0,,,Various (See WARN),,,,,10/28/25,0,8/28/25,Newmont,Reduction in Force,,0,
"54,1519: Other Computer Related Services",324,TeKnowledge OPS USA,Pikes Peak,324,10/30/25,,324,8/29/25,0,,,Various (See WARN),,,,,12/30/25,0,8/29/25,TeKnowledge,Changing Conditions,,0,
"62,22110: General Medical & Surgical Hospitals",351,Banner Health,Larimer,351,11/5/25,,351,9/4/25,0,,,Various (See WARN),,,,,11/5/25,0,9/4/25,Banner Health,Not Stated,,0,
"44,5110: Supermarkets and Other Grocery",62,Safeway Inc. Store 0017,Arapahoe/Douglas,62,11/7/25,,62,9/9/25,0,,,Various (See WARN),,,,,11/7/25,0,9/9/25,Safeway 0017,Closure,,0,
"44,5110: Supermarkets and Other Grocery",61,Safeway Inc. Store 0137,Arapahoe/Douglas,61,11/7/25,,61,9/9/25,0,,,Various (See WARN),,,,,11/7/25,0,9/9/25,Safeway 0137,Closure,,0,
"44,5110: Supermarkets and Other Grocery",54,Safeway Inc. Store 0862,Larimer,54,11/7/25,,54,9/9/25,0,,,Various (See WARN),,,,,11/7/25,0,9/9/25,Safeway 0862,Closure,,0,
"44,5110: Supermarkets and Other Grocery",64,Safeway Inc. Store 0881,Adams,64,11/7/25,,64,9/9/25,0,,,Various (See WARN),,,,,11/7/25,0,9/9/25,Safeway 0881,Closure,,0,
"44,5110: Supermarkets and Other Grocery",65,Safeway Inc. Store 1038,Denver,65,11/7/25,,65,9/9/25,0,,,Various (See WARN),,,,,11/7/25,0,9/9/25,Safeway 1038,Closure,,0,
"44,5110: Supermarkets and Other Grocery",50,Safeway Inc. Store 2915,Larimer,50,11/7/25,,50,9/9/25,0,,,Various (See WARN),,,,,11/7/25,0,9/9/25,Safeway 2915,Closure,,0,
"44,5110: Supermarkets and Other Grocery",60,Safeway Inc. Store 3723,Rural Consortium,60,11/7/25,,60,9/9/25,0,,,Various (See WARN),,,,,11/7/25,0,9/9/25,Safeway 3723,Closure,,0,
"44,5110: Supermarkets and Other Grocery",63,Safeway Inc. Store 0835,Pikes Peak,63,11/7/25,,63,9/9/25,0,,,Various (See WARN),,,,,11/7/25,0,9/9/25,Safeway 0835,Closure,,0,
"44,5110: Supermarkets and Other Grocery",53,Safeway Inc. Store 1721,Rural Consortium,53,11/7/25,,53,9/9/25,0,,,Various (See WARN),,,,,11/7/25,0,9/9/25,Safeway 1721,Closure,,0,
"44,5110: Supermarkets and Other Grocery",85,Safeway Inc. Store 1792,Pikes Peak,85,11/7/25,,85,9/9/25,0,,,Various (See WARN),,,,,11/7/25,0,9/9/25,Safeway 1792,Closure,,0,
"32,5414: Biological Products (Except Manufacturing)",267,ACG Biologics,Boulder,267,11/15/25,,278,9/16/25,0,,,Various (See WARN),,,,,12/31/25,0,9/16/25,AGC Biologics,Closure (Restructuring),,0,
"54,1330: Engineering Services",10,Amentum,Pueblo,10,12/1/25,,10,10/1/25,0,,,Various (See WARN),,,,,12/31/25,0,10/1/25,Amentum,Project milestone completion,,0,
"52,2180: Savings Institutions & Other Depositories",31,TIAA,Denver,31,12/1/25,,31,10/2/25,0,,,Various (See WARN),,,,,12/14/25,0,10/2/25,TIAA,Closure,,0,
"21,212: Gold Ore & Sliver Ore Mining",23,Newmont,Denver,23,11/30/25,,23,10/1/25,0,,,Various (See WARN),,,,,11/30/25,0,10/1/25,Newmont,RIF,,0,
"51,6210: Media Streaming Distribution Services",302,Comcast,Arapahoe/Douglas,302,12/31/25,,302,10/15/25,0,,,Various (See WARN),,,,,12/31/25,0,10/15/25,Comcast,Closure,,0,
"21,2299: All Other Metal Ore Mining",65,Newmont (Update/Phase 3),Denver,65,12/14/25,,65,10/15/25,0,,,Not specified,,,,,12/14/25,0,10/15/25,Newmont,Reduction in Force,,0,
81: Other Services (Except Public Administration),135,Salvation Army (updated),Denver,135,12/31/25,,135,10/29/25,0,,,Various (See WARN),,,,,12/31/25,0,10/29/25,Salvation Army,Closure,,0,
"54,1330: Engineering Services",9,Battelle,Pueblo,9,12/29/25,,9,10/30/25,0,,,Various (See WARN),,,,,12/29/25,0,10/30/25,Battelle,Project milestone completion,,0,
"62,1910: Ambulance Services",87,American Medical Response,Boulder,87,12/31/25,,87,10/31/25,0,,,Various (See WARN),,,,,12/31/25,0,10/31/25,AMR,Closure,,0,
"21: Mining, quarrying & Oil & Gas Extraction",133,ColoWyo Coal Company LP,Rural Consortium,133,1/6/26,,133,11/3/25,0,,,Various (See WARN),,,,,1/6/26,0,11/4/25,ColoWyo Coal Company LP,Closure,,0,
"72,2513 Limited Service Restaurant",125,Smokin Bear LLC,Denver,125,1/13/26,,125,11/14/25,0,,,Various (See WARN),,,,,1/13/26,0,11/14/25,Smokin Bear LLC 11-14-25,Remodeling,,0,
"21: Mining, quarrying & Oil & Gas Extraction",133,ColoWyo Coal Company LP (UPDATE),Rural Consortium,,1/5/26,,,11/18/25,0,,,Various (See WARN),,,,,1/5/26,0,11/18/25,ColoWyo Coal Company LP Update,Closure,,0,
522210 - Credit Card Issuing,59,Nordstrom Credit Bank,Arapahoe/Douglas,59,2/21/26,,59,11/17/25,0,,,Various (See WARN),,,,,4/1/26,0,11/17/25,Nordstrom Credit Bank,Reduction in Force,,0,
522210 - Credit Card Issuing,14,Nordstrom Credit Bank,Arapahoe/Douglas,14,2/1/26,,14,11/20/25,0,,,Various (See WARN),,,,,4/1/26,0,11/20/25,Nordstrom Credit Bank,Reduction in Force,,0,
"238220 - Plumbing, Heating & Air Conditioning Contractors",74,Heibar Installation Inc.,Denver,74,1/30/26,,74,12/2/25,0,,,Various (See WARN),,,,,1/31/26,0,12/2/25,Heibar Installation Inc.,Reduction in Force,,0,
"54,1330: Engineering Services",,Amentum (Update),Pueblo,,1/26/26,,,12/4/25,,,,Various (See WARN),,,,,1/30/26,,12/4/25,Amentum,Project milestone completion,,,
522210 - Credit Card Issuing,48,Nordstrom Credit Bank,Arapahoe/Douglas,48,3/1/26,,48,12/30/25,0,,,Various (See WARN),,,,,3/1/26,0,12/30/25,Nordstrom Credit Bank,Transfer to TD Bank,,0,
Sector 51: Information,157,Dish Network LLC,Arapahoe/Douglas,157,3/8/24,,,1/8/24,0,,,Multiple (See WARN),,,,,3/8/24,0,1/8/24,Dish Network,Not stated,,0,
"Sector  54: Professional, Scientifc, & Technical Srvs",4,Lost Boys Interactive LLC,"Multiple (Larimer, Jeffco, Adams)",4,3/15/24,,,1/13/24,0,,,Multiple (See WARN),,,,,3/15/24,0,1/11/24,Lost Boys Interactive,Not stated,,0,
Sector 23: Construction,94,ABM Industry Group,Adams,94,3/18/24,,,1/18/24,0,,,Multiple (See WARN),,,,,3/18/24,0,1/18/24,ABM Industry Group,Loss of contract w/Amazon,,0,
Sector 51: Information,9,Dish Network LLC,Arapahoe/Douglas,9,3/19/24,,,1/19/24,0,,,Multiple (See WARN),,,,,3/19/24,0,1/19/24,Dish Network 1-19-2024,Reduction in Force,,0,
Sector 62: Health Care and Social Assistance,124,Flatirons Health and Rehabilitation (Axiom Healthcare Services).,Boulder,124,3/4/24,,,1/25/24,0,,,Multiple (See WARN),,,,,3/4/24,0,1/4/24,Flatirons Health & Rehab (Axiom Healthcare),Facility closure,,0,
"Sector: 56,2910: Remediation Services",45,Amentum,Pueblo,45,3/1/24,,,1/30/24,0,,,Multiple (See WARN),,,,,3/31/24,0,1/30/24,Amentum,Closure-Completion of PCAPP Milestones,,0,
Sector: 31-33 Manufacturing,60,IMI Norgren LLC,Arapahoe/Douglas,60,4/1/24,,,1/30/24,0,,,Unknown,,,,,6/30/24,0,1/30/24,IMI Norgren LLC,Site Consolidation and Office Relocation,,0,
Sector 51: Information,13,Block Inc.,Unknown (Remote Workers),13,3/30/24,,,1/30/21,0,,,Unknown,,,,,3/30/24,0,1/30/24,Block Inc,Not Stated,,0,
Sector 52: Finance and Insurance,80,BillGO Inc.,Larimer,80,3/31/24,,,1/31/24,0,,,Multiple (See WARN),,,,,3/31/24,0,1/31/24,BillGO Inc.,Change in current business opportunities,,0,
Sector 81--Other Services--81293 Parking Lots and Garages,56,SP+ Corporation,Denver,56,1/31/24,,,1/31/24,0,,,Multiple (See WARN),,,,,1/31/24,0,1/31/24,SP+ Corporation,Not Stated,,0,
Sector 51: Information,53,Dish Network LLC,Arapahoe/Douglas,53,4/20/24,,,2/20/24,0,,,Multiple (See WARN),,,,,4/20/24,0,2/20/24,Dish Network 2-20-2024,Reduction in Force,,0,
Sector 33: Manufacturing,75,Daifuku Services America Corporation (formerly Elite Line Services) -Thornton,Adams,75,4/22/24,,,2/22/24,0,,,Multiple (See WARN),,,,,5/6/24,0,2/22/24,Daifuku Services-Thornton,Loss of contract,,0,
Sector 33: Manufacturing,89,Daifuku Services America Corporation -Colo Springs,Pikes Peak-Colo Springs,89,4/22/24,,,2/22/24,0,,,Multiple (See WARN),,,,,5/6/24,0,2/22/24,Daifuku Services-Colo Springs,Loss of contract,,0,
Sector 33: Manufacturing,32,Daifuku Services America Corporation -Aurora,Arapahoe/Douglas,32,4/22/24,,,2/22/24,0,,,Multiple (See WARN),,,,,5/6/24,0,2/22/24,Daifuku Services-Aurora,Loss of contract,,0,
Sector 33: Manufacturing,210,Carestream Health Inc.,Weld,210,4/26/24,,,2/26/24,0,,,Multiple (See WARN),,,,,5/10/24,0,2/26/24,Carestream Health Inc,Facility closure,,0,
Sector 56: Waste Management and Remediation Services,175,"Packers Sanitation Services, Inc.’s (PSSI)",Weld,175,4/18/24,,,2/27/24,0,,,Unknown,,,,,4/18/24,0,2/27/24,"Packers Sanitation Services, Inc",Loss of contract,,0,
Sector 51: Information,5,Dish Network LLC,Arapahoe/Douglas,5,5/11/24,,,3/12/24,0,,,Multiple (See WARN),,,,,5/11/24,0,3/12/24,Dish Network LLC,Reduction in Force,,0,
Sector 33: Manufacturing,19,Carestream Health Inc. - Update,Weld,19,5/24/24,,,3/21/24,0,,,See WARN Exhibit A,,,,,5/24/24,0,3/20/24,Carestream Health Update,Reduction in Force,,0,
Sector 48: Transportation and Warehousing,40,CommuteAir,Denver,40,5/23/24,,,3/20/24,0,,,See WARN,,,,,5/23/24,0,2/23/24,CommuteAir,Reduction in Force,,0,
Sector 33: Manufacturing,76,Bionano Genomics Inc.,San Diego (remote CO Workers),76,5/24/24,,,3/22/24,0,,,See WARN,,,,,5/24/24,0,3/21/24,Bionano Genomics Inc.,Reduction in Force,,0,
Sector 62: Healthcare and Social Assistance,46,Developmental Disabilities Resource Center,Jefferson,46,6/30/24,,,3/28/24,0,,,See WARN,,,,,6/30/24,0,3/11/24,DDRC,Reduction in Force,,0,
Sector 72: Accommodation & Food Services,56,Atrium Hospitality LP/Denver Crowne Plaza,Denver,56,5/31/24,,,3/27/24,0,,,See WARN,,,,,5/31/24,0,3/27/24,Atrium Hospitality LP/Denver Crowne Plaza,Closure,,0,
Sector 33: Manufacturing,1,Volta/Volta Charging Industries,Not Stated,1,5/31/24,,,4/3/24,0,,,See WARN (Various Positions),,,,,5/31/24,0,3/29/24,Volta/Volta Charging Industries,Closure,,0,
Sector  55: Management of Companies & Enterprises,1,HealthHelp (a WNS Company),Arapahoe/Douglas,1,6/2/24,,,4/9/24,0,,,Various (See WARN),,,,,8/2/24,0,4/3/24,HealthHelp,Reduction in Force,,0,
"Sector: 56,  561611 Investigation Personal Background Check Services.",92,Checkr,Denver,92,6/10/24,,,4/9/24,0,,,Various (See WARN),,,,,6/10/24,0,4/9/24,Checkr,Reduction in Force,,0,
Sector 48: Transportation and Warehousing,65,Wheels Up Partners LLC,Rural Consortium (Broomfield),65,6/16/24,,,4/17/24,0,,,Various (See WARN),,,,,6/16/24,0,4/17/24,Wheels Up Partners LLC,Closure (Cease Operations),,0,
Sector 33: Manufacturing,25,Carestream Health,Weld,25,6/28/24,,,4/25/24,0,,,Varous (See WARN),,,,,6/28/24,0,4/25/24,Carestream Health,Reduction in Force,,0,
Sector 61: Educational Services,118,University of Denver,Denver,118,6/30/24,,,4/30/24,0,,,Custodian positions,,,,,6/30/24,0,4/30/24,University of Denver,Contract with Sodexo,,0,
"Sector 54: Professional, Scientific & Technical Services",84,Radial,Remote Workforce,84,6/28/24,,,5/1/24,0,,,See WARN.,,,,,6/28/24,0,5/1/24,Radial,Selling Customer Care Unit,,0,
Sector 62: Healthccare & Social Assistance,330,Rocky Mountain Crisis Partners,Denver,330,6/30/24,,,5/1/24,0,,,All positions/ job titles not specified,,,,,6/30/24,0,5/1/24,Rocky Mountain Crisis Partners,Loss of state funding,,0,
Sector 52: Finance and Insurance,103,Newrez LLC,Arapahoe/Douglas,103,7/1/24,,,5/2/24,0,,,See WARN.,,,,,7/1/24,0,5/2/24,NewRez LLC,Reduction in Force,,0,
Sector 45: Retail Trade,141,Walmart Store #6178,Arapahoe/Douglas,141,6/7/24,,,5/13/24,0,,,Associates,,,,,6/7/24,0,5/13/24,Walmart #6178,Closure,,0,
"Sector 32, 3254 - Pharmaceutical and Medicine Manufacturing.",,Pfizer Research,Boulder,,7/15/24,,,5/15/24,0,,,Not specified,,,,,8/24/2024,0,5/15/24,Pfizer,Reduction in Force,,0,
"Sector: 56,2910: Remediation Services",11,Amentum,Pueblo,11,7/1/24,,,5/21/24,0,,,See WARN,,,,,7/31/24,0,5/21/24,Amentum,Closure (end of Milestone 7),,0,
Sector 33: Manufacturing,18,Carestream (Update),Weld,18,7/22/24,,,5/21/24,0,,,See WARN.,,,,,8/5/24,0,5/21/24,Carestream,Reduction in Force,,0,
Sector 62: Healthcare & Social Assistance,65,Mindspring,Mesa,71,5/31/24,,,5/31/24,0,,,See WARN.,,,,,6/3/24,6,5/31/24,Mindspring,Reduction in Force,,0,
Sector 62: Healthcare & Social Assistance,49,Mindspring (Update),Mesa,49,6/4/24,,,6/4/24,0,,,See WARN. Updated from 65 to 49,,,,,6/4/24,0,6/4/24,See note below.,Reduction in Force,,0,
Sector 52: Finance and Insurance,317,NewRez LLC,Arapahoe/Douglas,317,8/2/24,,,6/3/24,0,,,See WARN.,,,,,8/2/24,0,6/3/24,NewRez LLC CORRECTION,Reduction in Force,,0,
"Sector 71: Arts, Entertainment & Recreation, (713920 Ski Facility)",3,TSG Ski & Golf,Rural Southwest,63,6/14/24,,,6/14/24,13,,,"Bartenders, cooks, dishwashers, supervisor",,,,,12/1/24,47,6/14/24,TSG Ski & Golf,Reduction in Force,,0,
Sector 62: Healthcare and Social Assistance,131,Saint Paul Health Center,Denver,131,9/1/24,,,6/18/24,0,,,Various. See WARN.,,,,,9/1/24,0,6/18/24,Saint Paul Health Ctr-Colvaria Hospitality Mgmt,End of Contract,,0,
Sector 52: Finance and Insurance,80,Wells Fargo,Denver,80,8/1/24,,,6/18/24,0,,,Employees notified verbally. Specific job titles available in August when layoff letters go out.,,,,,12/21/24,0,6/18/24,Wells Fargo,Reduction in Force,,0,
Sector 52: Finance and Insurance,187,Newrez LLC,Arapahoe/Douglas,187,8/26/24,,,6/27/24,0,,,See WARN.,,,,,8/26/24,0,6/27/24,NewRez LLC Update,Reduction in Force,,0,
Sector 56:  Administrative and Support and Waste Management and Remediation Services,7,Sodexo - St. Francis Interquest,Pikes Peak,7,8/4/24,,,7/8/24,0,,,Various (See WARN),,,,,8/4/24,0,7/8/24,Sodexo-St Francis Interquest,Closure (Cease Operations),,0,
Sector 56:  Administrative and Support and Waste Management and Remediation Services,48,Sodexo - St. Francis Medical Center,Pikes Peak,48,8/4/24,,,7/8/24,0,,,Various (See WARN),,,,,8/4/24,0,7/8/24,Sodexo-St Francis Medical Center,Closure (Cease Operations),,0,
Sector 56:  Administrative and Support and Waste Management and Remediation Services,52,Sodexo - Penrose Hospital,Pikes Peak,52,8/4/24,,,7/8/24,0,,,Various (See WARN),,,,,8/4/24,0,7/8/24,Sodexo-Penrose Hospital,Closure (Cease Operations),,0,
"Sector 54: Professional, Scientific & Technical Services",80,LogRhythm,RC: Broomfield,80,9/9/24,,,7/17/24,0,,,Not disclosed,,,,,9/14/24,0,7/16/24,LogRhythm,Reduction in Force (Cease Operations of Axon Operating Unit),,0,
Sector 33: Manufacturing,21,Carestream Health,Weld,21,9/16/24,,,7/17/24,0,,,Various (See WARN),,,,,9/16/24,0,7/17/24,Carestream Health,Reduction in Force,,0,
"Sector 56,2910: Remediation Services",72,Amentum,Pueblo,72,9/30/24,,,7/29/24,0,,,Various,,,,,9/30/24,0,7/29/24,Amentum,Closure (upon completion of project),,0,
"Sector 54: Professional, Scientific & Technical Services",79,Radial,Remote locations in CO,79,9/30/24,,,7/30/24,0,,,Various,,,,,9/30/24,0,7/30/24,Radial,Closure,,0,
"Sector 81, 2930: Parking Lots and Garages",85,TPS Parking Mgmt,Adams,79,9/30/24,,,7/31/24,0,,,"Drivers, Parking Attendants, Greeters, Dispatchers",,,,,9/30/24,0,8/1/24,TPS Parking Mgmt,Mass Layoff,,0,
"Sector 44,4130: Hardware Stores",49,True Value,Denver,49,9/6/24,,,8/8/24,0,,,Merchandise Handlers,,,,,11/1/24,0,8/8/24,True Value,Change in Business,,0,
Sector 62: Healthcare and Social Assistance,63,Casey's Pond,RC: Rural Resort,63,10/18/24,,,8/20/24,0,,,Not specified,,,,,11/30/24,0,8/19/24,Caseys Pond,Sale of Business,,0,
"Sector 52,2110 Commercial Banking",70,Wells Fargo,Arapahoe Douglas,70,11/20/24,,,8/20/24,0,,,Not specified,,,,,12/31/24,0,8/20/24,Wells Fargo,Not specified,,0,
"Sector 54,541: Professional, Scientific, and Technical Services​​ Industries",25,ImmunityBio Inc.,Boulder,5,10/29/24,,,8/30/24,0,,,See WARN,,,,,10/29/24,0,8/30/24,ImmunityBio Inc,See WARN.,,0,
"Sector 54,541: Professional, Scientific, and Technical Services​​ Industries",3,Lost Boys Interactive LLC,RC: Boulder & Larimer,3,9/9/24,,,9/9/24,0,,,See WARN,,,,,9/9/24,0,9/6/24,Lost Boys Interactive,See WARN.,,0,
"Sector 72,2319: Food Service Contractors",55,Sodexo Service West (SDH),Adams,55,11/9/24,,,9/13/24,0,,,See WARN,,,,,11/9/24,0,9/13/24,Sodexo Service West,See WARN.,,0,
Sector 541714: Research and Development in Biotechnology,85,"AGC Biologics, Inc.",Boulder,85,11/22/24,,,9/18/24,0,,,Various (See WARN),,,,,11/22/24,0,9/18/24,"AGC Biologics, Inc.",Restructure and Partial Closure-See WARN,,0,
Sector 31-33: Manufacturing,64,Sinton Dairy Foods Company,Colo Springs,64,12/30/26,,,9/26/24,0,,,Various (See WARN),,,,,12/30/26,0,9/26/24,Sinton Dairy Foods Company,Closure,,0,
Sector 54-1720: Research & Development in Social Sciences/Humanities,1,Kaleo Inc.,Remote location in CO,1,11/30/24,,,9/30/24,0,,,See WARN,,,,,11/30/24,0,9/30/24,Kaleo Inc.,Medical Sales Specialist,,0,
"Sector 21,2230 - Copper, Nickel, Lead, and Zinc Mining",112,Thiess,Rural Consortium,112,11/28/24,,,10/29/24,0,,,Predominately Heavy equipment operators,,,,,12/28/24,0,10/29/24,Thiess,Closure,,0,
"Sector: 56,2910: Remediation Services",313,Chord Energy,Denver,313,11/4/24,,,11/4/24,0,,,Various (See WARN),,,,,5/23/25,0,11/4/24,Chord Energy,Discontinuing Operations,,0,
Sector:  492110: Couriers & Express Delivery Services,404,UPS,Adams,404,1/15/25,,,11/14/24,0,,,Not specified,,,,,1/15/25,0,11/14/24,UPS,"Partial, Temporary Closure",,0,
"Sector 33,6411: Aircraft Manufacturing",62,Boeing,"Arapahoe, Denver, El Paso",63,1/17/25,,,11/15/24,0,,,Not specified,,,,,1/17/25,0,11/15/24,Boeing,Not disclosed,,0,
Sector 23: Construction,121,Brown Brothers Resources Holding,Adams,121,12/6/24,,,12/2/24,0,,,Various,,,,,12/31/24,0,12/2/24,Brown Brothers Resources Holdings 12-2-24.pdf,Closure,,0,
"Sector 42,4480: Fresh Fruit  Vegetable Merchant",109,Russ Davis Wholesale,Pueblo,109,1/31/25,,,12/2/24,0,,,Various,,,,,2/1/25,0,12/2/24,Russ Davis Wholesale,Closure,,0,
"Sector 31,314: Broadwoven Fabric Mills",1,Natural Fiber Welding,Denver,1,2/8/25,,,12/10/24,0,,,Sr. Program Manager,,,,,2/8/25,0,12/10/24,Natural Fiber Welding,Unforseen business circumstance,,0,
Sector 52: Finance and Insurance,1,GetInsured,Arapahoe,1,2/19/25,,,12/20/24,0,,,Customer Service Representative I,,,,,2/19/25,0,12/20/24,GetInsured,Not specified,,0,
Sector 23: Construction,666,Wanzek Construction,Pueblo,,1/3/23,,,1/3/23,0,,,,,,,,1/3/23,0,1/3/23,Wanzek Construction,Sudden Contract Loss,,0,
Sector 31: Manufacturing,67,Gymshark,Denver,67,3/10/23,,,1/16/23,0,,,,,,,,3/24/23,0,1/9/23,Gymshark,Ceasing Operations in some areas of the company,,0,
Sector 42: Wholesale Trade,15,Specialized Bicycle Components,Boulder,15,1/13/23,,,1/1123,0,,,,,,,,1/13/23,0,1/11/23,Specialized Bicycle Components,Downsizing,,0,
Sector 22: Natural Gas Distribution,136,DCP Midstream,Denver,136,3/31/23,,,1/31/23,0,,,,,,,,4/1/24,0,1/25/23,DCP Midstream,Not Stated,,0,
Sector 32: Manufacturing,47,Curaleaf,Pueblo,47,3/26/23,,,1/31/23,0,,,,,,,,3/26/23,0,1/26/23,Curaleaf,RIF/Change in Business,,0,
Sector  541490: Other Specialized Design Services,151,Pinnacle Architectural Lighting Inc.,Denver,151,6/30/23,,,2/1/23,0,,,,,,,,3/1/24,0,2/1/23,Pinnacle Architectural Lighting,Restructuring & Reorganization,,0,
Sector 1: 314910: Textile Bag and Canvas Mills,49,Covercraft Industries LLC,Arapahoe/Douglas,49,4/14/23,,,2/14/23,0,,,,,,,,4/14/23,0,2/9/23,Covercraft Industries,Closure,,0,
"Sector 51,5182: Data Processing Hosting & Related Services",62,WIX.com,Denver,62,2/15/23,,,2/15/23,0,,,,,,,,2/15/23,0,2/15/23,WiX 2-15-23,Unforseen Business Circumstances,,0,
Sector 51: Information,5,Chipper Cash,Various,5,02/17/23,,,2/16/23,0,,,,,,,,2/17/23,0,2/16/23,Chipper Cash,Not Stated,,0,
"Sector:45,451 : Sporting Goods",,Aspen Sports Hyatt Retail Store,,4,,,,3/2/23,,,,,,,,,,,2/27/23,SSI Venture-Aspen Sports,,,,
"Sector:45,451 : Sporting Goods",,Aspen Sports Snowmass Mall,,13,,,,3/2/23,,,,,,,,,,,2/27/23,SSI Venture-Aspen Sports,,,,
"Sector:45,451 : Sporting Goods",,Aspen Sports St. Regis Retail,,9,,,,3/2/23,,,,,,,,,,,2/27/23,SSI Venture-Aspen Sports,,,,
"Sector:45,451 : Sporting Goods",,Aspen Sports Viewline Retail,,4,,,,3/2/23,,,,,,,,,,,2/27/23,SSI Venture-Aspen Sports,,,,
"Sector:45,451 : Sporting Goods",,Aspen Sports Snowmass Retail Store,,3,,,,3/2/23,,,,,,,,,,,2/27/23,SSI Venture-Aspen Sports,,,,
"Sector:45,451 : Sporting Goods",,Aspen Sports Demo,,5,,,,3/2/23,,,,,,,,,,,2/27/23,SSI Venture-Aspen Sports,,,,
"Sector:45,451 : Sporting Goods",,Aspen Sports Tune - Snowmass,,6,,,,3/2/23,,,,,,,,,,,2/27/23,SSI Venture-Aspen Sports,,,,
"Sector:45,451 : Sporting Goods",,Aspen Sports Valet - Snowmass,,3,,,,3/2/23,,,,,,,,,,,2/27/23,SSI Venture-Aspen Sports,,,,
"Sector:45,451 : Sporting Goods",,Burton Telluride Retail,,5,,,,3/2/23,,,,,,,,,,,2/27/23,SSI Venture-Aspen Sports,,,,
"Sector:45,451 : Sporting Goods",,Neve Sports - Telluride,,10,,,,3/2/23,,,,,,,,,,,2/27/23,SSI Venture-Aspen Sports,,,,
"Sector:45,451 : Sporting Goods",,Patagonia Snowmass,,7,,,,3/2/23,,,,,,,,,,,2/27/23,SSI Venture-Aspen Sports,,,,
"Sector:45,451 : Sporting Goods",,Telluride Sports Camel's Garden,,,,,,,,,,,,,,,,,2/27/23,SSI Venture-Aspen Sports,,,,
"Sector:45,451 : Sporting Goods",,Telluride Sports - Cimarron Lodge,,,,,,,,,,,,,,,,,2/27/23,SSI Venture-Aspen Sports,,,,
"Sector:45,451 : Sporting Goods",,Telluride Sports - Franz Klammer,,,,,,,,,,,,,,,,,2/27/23,SSI Venture-Aspen Sports,,,,
"Sector:45,451 : Sporting Goods",,Telluride Sports - Gondola Plaza,,,,,,,,,,,,,,,,,2/27/23,SSI Venture-Aspen Sports,,,,
"Sector:45,451 : Sporting Goods",,Telluride Sports Main Street,,,,,,,,,,,,,,,,,2/27/23,SSI Venture-Aspen Sports,,,,
"Sector:45,451 : Sporting Goods",,Telluride Sports - The Peaks,,,,,,,,,,,,,,,,,2/27/23,SSI Venture-Aspen Sports,,,,
"Sector:45,451 : Sporting Goods",,The North Face - Snowmass,,,,,,,,,,,,,,,,,2/27/23,SSI Venture-Aspen Sports,,,,
"Sector:45,451 : Sporting Goods",,The North Face - Telluride Retail,,,,,,,,,,,,,,,,,2/27/23,SSI Venture-Aspen Sports,,,,
"Sector 52,411: Direct Life, Health & Med Insurance",98,Friday Health Plans,Rural Consortium (Alamosa) & Denver,98,4/30/23,,,3/1/23,0,,,,,,,,4/30/23,0,3/1/23,Friday Health Plans,Reduction in Business,,0,
Sector:55 Management of Companies & Enterprises,,Aspiration Partners Inc.,"Denver, Broomfield",,5/26/2023,,,,0,,,,,,,,6/1/23,0,3/24/23,Aspiration,Restructing and streamlining,,0,
Sector 53: Real Estate and Rental & Leasing,76,Laramar Group LLC,"Denver, Broomfield",,,,,,0,,,,,,,,,0,3/30/23,Laramar Group LLC,Not stated,,0,
Sector 33: Manufacturing,50,Prescient LLC,Jefferson,,3/31/2023,,,,0,,,,,,,,12/31/23,0,3/31/23,Prescient LLC,Mass layoff,,0,
Sector 44: Retail Trade,138,David's Bridal,Multi area,,,,,,0,,,,,,,,,0,4/14/23,David's Bridal,Bankrupcy,,0,
Sector 48: Transportation & Warehousing,198,MV Transportation,Denver,,6/30/23,,,,0,,,,,,,,6/30/23,0,4/27/23,MV Transportation,Not specified,,0,
Sector 48: Transporation and Warehousing,120,Via Mobility Services,Denver,,7/1/2023,,,5/22/23,0,,,,,,,,7/1/23,0,5/1/23,Via Mobility Services,Loss of Contract,,0,
Sector 44: Retail Trade,138,Davids Bridal (Update),Multi area,,6/23/23,,,,0,,,,,,,,6/30/23,0,5/24/23,Davids Bridal Update,Bankrupcy,,0,
"Sector: 56,2910: Remediation Services",19,Amentum,Pueblo,19,7/27/2023,,,5/26/23,0,,,,,,,,7/28/2023,0,5/26/23,Amentum,Closure (Phase 1),,0,
Sector 72: Accommodation & Food Services,54,Hard Rock Cafe International STD,Denver,54,7/29/2023,,,5/30/23,0,,,,,,,,7/29/23,0,5/30/23,Hard Rock Cafe,Closure,,0,
Sector 44: Retail Trade,138,Davids Bridal (Update),Multi Area,138,8/20/2023,,,6/12/23,0,,,,,,,,9/2/2023,0,6/12/23,Davids Bridal Update,Bankrupcy,,0,
Sector 2022: Publishing,50,Gannett (Pueblo Chieftian),Pueblo,50,8/14/2023,,,6/13/23,0,,,,,,,,8/14/23,0,6/13/23,Gannett Pueblo Chieftain,Closure of production & distribution operations,,0,
"Sector 54: Professional, Scientific, & Technical Services",13,Bitwise Industries,Multi Area,13,8/14/2023,,,6/14/23,0,,,,,,,,8/14/23,0,6/14/23,Bitwise Industries,Mass layoff,,0,
"Sector 52, 411 Direct Life Health & Medical Insurance",323,Friday Health Plans Update (6-19-23),"Rural Consortium, Denver",323,6/23/2023,,,6/19/23,0,,,,,,,,7/6/23,0,6/19/23,Friday Health Plans Update 6-19-23,Mass Layoff,,0,
"Sector 62,1600: Home Healthcare Services",70,Autism Home Support Services (Greeley),Weld,70,8/21/2023,,,6/20/23,0,,,,,,,,9/19/23,0,6/20/23,Autism Home Support Srvs Greeley,Mass Layoff,,0,
"Sector 62,1600: Home Healthcare Services",68,Autism Home Support Services (Westminster),Adams,68,8/21/2023,,,6/20/23,0,,,,,,,,9/19/23,0,6/20/23,Autism Home Support Svs Westminster,Mass Layoff,,0,
"Sector: 62,1600 Home Healthcare Services",101,Autism Home Support Services (Centennial),ADWorks,101,8/21/2023,,,6/20/23,0,,,,,,,,9/19/21,0,6/20/23,Autism Home Support Services Centennial,Mass Layoff,,0,
Sector 44: Retail Trade,138,Davids Bridal Update 6-29-23,Multi-Area,0,7/17/2023,,,6/29/23,0,,,,,,,,7/31/23,0,6/29/23,Davids Bridal Update 6-29-23,Mass Layoff,,0,
Sector 62: Health Care and Social Assistance,120,CDI HS (Community Development Institute Head Start),"Rural Consortium, Denver",120,8/31/2023,,,6/30/23,0,,,,,,,,8/31/33,0,6/30/23,Community Development Institute Head Start,Mass Layoff,,0,
"Sector: 56,2910: Remediation Services",27,Amentum,Rural Consortium  (Pueblo),27,8/31/2023,,,7/3/23,0,,,,,,,,8/31/23,0,7/3/23,Amentum,Reduction in Force (End Project),,0,
"Sector 52,2110: Commercial Banking",56,Bank of the West,Adams,56,9/15/2023,,,7/11/23,0,,,,,,,,9/15/23,0,7/11/23,Bank of the West,Reduction in Force (End Project),,0,
Sector: 62: Healthcare and Social Assistance,64,Namasté Alzheimer Center,Pikes Peak,64,10/1/2023,,,7/20/23,0,,,,,,,,10/1/23,0,7/20/23,Namaste Alzheimer Center,Closure,,0,
"Sector 42,2450: Medical, Dental, Hospital & Supplies Merchant Wholesaler",15,DePuy Spine Limited Partnership (Johnson & Johnson),Pikes Peak,15,9/22/2023,,,7/24/23,0,,,,,,,,10/5/2023,0,7/24/23,DePuy Spine Limited Partnership,"Reduction in Force Ending manufacuring, quality & distribution",,0,
"Sector 32: Manufacturing; 32,6121 Unlaminated Plastics Profile Shape Manufacturing",,Novembal,Unknown (possibly rural & remote),,9/30/2023,,,7/28/23,0,,,,,,,,1/31/24,0,7/28/23,Novembal,Closure,,0,
"Sector 48,4121: General Freight Trucking Long Distance Truckload",,Yellow Corporation & Operating Affiliates,Unknown,331,7/30/2023,,,8/1/23,0,,,,,,,,7/30/23,0,7/30/23,Yellow Corporation,Closure,,0,
"Sector 48,4121: General Freight Trucking Long Distance Truckload",,YRC Inc dba YRC Freight,Unknown,,7/30/23,,,8/1/23,0,,,,,,,,,0,7/30/23,Yellow Corporation,,,0,
"Sector 48,4121: General Freight Trucking Long Distance Truckload",,USF Holland,Unknown,,7/30/23,,,8/1/23,0,,,,,,,,,0,7/30/23,Yellow Corporation,,,0,
"Sector 48,4121: General Freight Trucking Long Distance Truckload",,New Penn Motor Express LLC,Unknown,,7/30/23,,,8/1/23,0,,,,,,,,,0,7/30/23,Yellow Corporation,,,0,
"Sector 48,4121: General Freight Trucking Long Distance Truckload",,"USF Reddaway, Inc.",Unknown,,7/30/23,,,8/1/23,0,,,,,,,,,0,7/30/23,Yellow Corporation,,,0,
"Sector 42: Wholesale Trade, 42,4490 Merchant Wholesaler, Non Durable Goods",24,"KeHe Distributors, Inc.",Arapahoe/Douglas,24,11/3/2023,,,8/2/23,0,,,,,,,,11/3/23,0,8/2/23,KeHE,Contract loss,,0,
"Sector 42,2450: Medical, Dental, Hospital & Supplies Merchant Wholesaler",10,DePuy Spine Limited Partnership (Johnson & Johnson),Arapahoe/Douglas,10,10/6/2023,,,8/7/23,0,,,,,,,,10/19/23,0,8/7/23,DePuy Spine Limited Partnership,Mass Layoff,,0,
Sector 33: Manufacturing,61,Astra Space Operations,Unknown,61,8/4/2023,,,8/7/23,0,,,,,,,,8/4/23,0,8/7/23,Astra Space Ops,RIF,,0,
Sector 49: Transportation and Warehousing,94,Federal Express - Colorado Springs,Pikes Peak,94,11/3/2023,,,8/9/23,0,,,,,,,,11/3/23,0,8/9/23,Federal Express,Closure,,0,
Sector 49: Transportation and Warehousing,53,Federal Express  - Pueblo,Pueblo,53,11/3/2023,,,8/10/23,0,,,,,,,,11/3/23,0,8/10/23,Federal Express,Closure,,0,
"Sector: 56,2910: Remediation Services",14,Amentum,Pueblo,14,10/12/2023,,,8/11/23,0,,,,,,,,10/12/23,0,8/11/23,Amentum,Closure (completion of milestone),,0,
Sector 45: Retail Trade,2,Ouray Sportsware - L2 Brands,Arapahoe/Douglas,154,10/17/2023,,,8/18/23,0,,,,-,,,,12/31/23,0,8/18/23,Ouray Sportsware,Closure,,0,
"Sector 54: Professional, Scientific, & Technical Services",59,Immunity Bio Inc.,Unknown,,10/17/2023,,,8/18/23,0,,,,,,,,10/17/23,0,8/18/23,Immunity Bio Inc.,Streamline Operations,,0,
"Sector 32,4110: Petroleum Refineries",,Chevron USA,"Denver, Weld",,10/31/2023,,,8/25/23,0,,,,Max * (most all will be offered jobs),,,,10/31/23,0,8/25/23,Chevron,Restructuring following acquisition,,0,
Sector: 562212 - Solid Waste Landfill,110,Packers Sanitation Services (PSSI),Rural Consortium,110,10/26/2023,,,8/29/23,0,,,,,,,,10/26/23,0,8/29/23,PSSI,Contract ending,,0,
Sector 33: Manufacturing/Pharmaceuticals,70,Aktiv Phama,Larimer & Rural Consortium,70,8/25/23,,,8/29/23,0,,,,-,,,,8/25/23,0,8/29/23,Aktiv Pharma,,,0,
Sector 33: Manufacturing,60,Prescient LLC,Jefferson,60,8/31/23,,,8/31/23,0,,,,-,,,,8/31/23,0,8/31/23,Prescient,Closure,,0,
Sector 44: Retail Trade,25,American Nursery Services,Unspecified,25,12/31/23,,,9/12/23,0,,,,,,,,12/31/23,0,9/5/23,American Nursery Services,Closure,,0,
Sector 52: Finance & Insurance,10,Divvy Homes Inc.,Unspecified,,11/7/23,,,9/8/23,0,,,,,,,,11/7/23,0,9/7/23,Divvy Homes Inc.,,,0,
"Sector: 56,2910: Remediation Services",21,Amentum,Pueblo,31,11/17/23,,,9/15/23,0,,,,,,,,11/17/23,0,9/15/23,Amentum,Completion of Project Milestone 4,,0,
Sector: 52: Finance & Insurance,2,First Savings Bank,Remote workers,2,11/30/23,,,9/29/23,0,,,,,,,,11/30/23,0,9/29/23,First Savings Bank,Reduction in Force,,0,
Sector 2022: Publishing,,Gannett (Pueblo Chieftian) - Update,Unknown,,,,,10/2/23,,,,,,,,,,,10/2/23,Gannett-Pueblo Chieftain Update,,,,
Sector 32: Manufacturing,,Pfizer,Boulder,,12/4/23,,,10/3/23,0,,,,,,,,12/4/23,0,10/3/23,Pfizer,Reduction in Force,,0,
561320/ Temporary Help Services,84,SMX Cargo LLC,Denver,84,12/17/2023,,,10/11/23,0,,,,,,,,12/17/2023,0,10/9/23,SMX Cargo LLC,,,0,
"72,2330: Mobile Food Service",51,Cygnus Home Service dba Yelloh,"Pikes Peak, Arapahoe/Douglas, Denver, Larimer",51,12/15/23,,,10/25/23,0,,,,,,,,12/15/23,0,10/25/23,Cygnus Home Services dba Yelloh,Closure,,0,
"Sector 42,2450: Medical, Dental, Hospital & Supplies Merchant Wholesaler",5,Depuy Spine LP (Johnson & Johnson),Pikes Peak (El Paso),67,12/29/23,,,10/30/23,0,,,,,,,,1/11/23,0,10/30/23,DePuy Spine LP,Closure,,0,
Sector 517111: Wired Telecommunications Carriers,466,Dish Network LLC,Arapahoe/Douglas,466,1/7/24,,,11/8/23,0,,,,,,,,7/21/24,0,11/8/23,Dish Network LLC,Reduction in Force,,0,
Sector 517111: Wired Telecommunications Carriers,33,Dish Network LLC Supplement,Arapahoe/Douglas,33,1/8/24,,,11/9/23,0,,,,,,,,7/22/23,0,11/9/23,Dish Network Supplement,Reduction in Force,,0,
"Sector: 56,2910: Remediation Services",54,Amentum,Pueblo,54,1/1/24,,,11/21/23,0,,,,,,,,1/31/2024,0,11/21/23,Amentum,Completion of PCAPP Milestones,,0,
Sector: 334413 Semi Conductor & Related Device Manufacturing,184,Broadcom / VM Ware,Broomfield,184,1/26/24,,,11/27/23,0,,,,,,,,1/26/24,0,11/27/23,Broadcomm - VM Ware,Merger Related,,0,
Sector 49: Transportation and Warehousing,60,Matheson Flight Extenders Inc.,Denver,60,1/31/24,,,12/1/23,0,,,,,,,,1/31/24,0,12/1/23,Matheson Flight Extenders Inc,Closure,,0,
Sector  51: Information,1,FSC Edge,Broomfield,1,12/1/23,,,12/1/23,0,,,,All employees hired by new owner,,,,12/1/23,0,12/1/23,FSC Edge,Closure,,0,
Sector 61: Educational Services,149,Ascent Classical Academy of Douglas County,Arapahoe/Douglas,149,12/31/23,,,12/28/23,0,,,,All employees hired by new owner,,,,12/31/23,0,12/28/23,Ascent Classical Academies,Unforseen - Contracts ending,,0,
Sector 61: Educational Services,87,Ascent Classical Academy of Northern Colorado,Larimer,87,12/31/23,,,12/28/23,0,,,,All employees hired by new owner,,,,12/31/23,0,12/28/23,Ascent Classical Academies,Unforseen - Contracts ending,,0,
Sector 61: Educational Services,33,Ascent Classical Academy of Norther Denver,Adams,33,12/31/23,,,12/28/23,0,,,,All employees hired by new owner,,,,12/31/23,0,12/28/23,Ascent Classical Academies,Unforseen - Contracts ending,,0,
Sector 61: Educational Services,37,Ascent Classical Academy of Grand Junction,Mesa,37,12/31/23,,,12/28/23,0,,,,All employees hired by new owner,,,,12/31/23,0,12/28/23,Ascent Classical Academies,Unforseen - Contracts ending,,0,
Sector 61: Educational Services,7,Ascent Classical Academies of Corporate Office,Jefferson,7,12/31/23,,,12/28/23,0,,,,All employees hired by new owner,,,,12/31/23,0,12/28/23,Ascent Classical Academies,Unforseen - Contracts ending,,0,
,,NOTE: 313 employees notified by Ascent Classical Academies were hired by the new vendor.,,,,,,,,,,,,,,,,,,,,,,
Sector 42: Wholesale Trade,122,DPI Specialty Foods,Adams,122,5/10/22,,,,0,,,,,,,,5/10/22,0,3/11/21,DPI Specialty Foods,Loss of Service Contract,,0,
Sector 72: Accomodation & Food Services,160,513 Hotel Operating,Pikes Peak/Teller,160,12/31/21,,,,0,,,,,,,,12/31/21,0,12/30/21,513 Hotel Operating,Sale of Company,,0,
Sector 62: Healthcare & Social Assistance,143,Good Samaritan - Bonell Community,Weld,143,3/5/22,,,,0,,,,,,,,3/5/22,0,1/3/22,Good Samaritan,Closure,,0,
Sector 51: Information 519290 Web Search Portals & Other Info Services,87,Twitter (Boulder),Boulder,,1/4/2023,,,,0,,,,,,,,1/4/23,0,1-4-22,Twitter Boulder,Not disclossed,,0,
Sector 522310 : Mortgage and Nonmortgage Loan Brokers,194,American Financing Company,AdWorks,,11/18/2022,,,,0,,,,,,,,12/23/22,0,1-16-22,American Financing,Unforeseeable business circumstances,,0,
Sector 53: Real Estate Rental & Leasing,36,Zillow Group - Supplemental,ADWorks,36,1/3/22,,,,0,,,,,,,,3/21/22,0,1/20/22,Zillow Group,Closure,,0,
Sector: 53: Real Estate Rental & Leasing,39,Zillow Group - Supplemental,ADWorks,39,3/21/22,,,,0,,,,,,,,4/18/22,0,2/17/22,Zillow Group,Closure,,0,
Sector 62 Healthcare  & Social Services,1,Ready Responders Inc.,Not Disclosed,1,2/1/22,,,,0,,,,,,,,2/16/22,0,2/18/22,Ready Responders Inc.,Not disclosed,,0,
Sector 62: Healthcare & Social Assistance,,Watsonville Community Hospital,Rural Consortium (Salida),,5/16/22,,,,,,,,,,,,5/23/22,,3-17-22,Watsonville Community Hospital,Closure,,0,
Sector 53: Real Estate Rental & Leasing,44,Zillow Group - Supplemental,ADWorks,44,1/2/22,,,,0,,,,,,,,5/20/22,0,3/21/22,Zillow Group,Closure,,0,
Sector 62: Healthcare & Social Assistance,0,Cripple Creek Care Center,Pikes Peak/Teller,9,3/3/2022,,,,0,,,,,,,,7/30/2022,0,4/15/2022,Cripple Creek,Closure,,9,
"Sector: 11: Agriculture, forestry, fishing & hunting",0,Sparboe Farms,Weld,95,05/04/22,,,,0,,,,,,,,6/2/22,95,5/2/22,Sparboe Farms,Closure (Temporary),,0,
Sector 62: Healthcare & Social Assistance,658,Watsonville Community Hospital (Update),Rural Consortium (Salida),658,7/14/22,,,,0,,,,,,,,7/21/22,0,5/11/22,Watsonville Community Hospital,Closure (Sale of Business),,0,
Sector 52: Finance and Insurance,10,All Money Financial Group,Denver,10,9/26/2024,7252604471,,,0,Colorado,464761460,,,allofme0291@gmail.com,Raynell cox,,9/26/22,0,6/1/2022,,COVID/Pandemic,Sector 52: Finance and Insurance,0,
Sector 22: Utilities,0,Total Energy Solutions,PikePeak/Teller,6,6/13/2022,4016597560,,,0,66 N Laser Drive,850822158,,,ashj@totalenergysolutions.co,Ashley Johnson,,6/24/22,6,6/13/22,Total Energy Solutions,Lost funding,Sector 22: Utilities,0,
Sector 62: Healthcare & Social Assistance,144,"Integrated Health Services at Colorado Springs, Inc.",Pikes Peak/Teller,144,8/22/2022,7202849398,,,0,"3625 Parkmoor Village Drive, Colorado Springs, CO  80917",521847254,,,psanches@vivage.com,Patty Sanches,,8/22/2022,0,6/23/2022,Integrated Health,Closure,Sector 62: Healthcare and social assistance,0,
Sector 62: Healthcare & Social Assistance,144,Vivage,Pikes Peak/Teller,144,8/22/2022,,,,0,,,,,,,,8/22/22,0,6/23/22,Vivage,Closure,,0,
Sector 62: Healthcare & Social Assistance,673,Watsonville Community Hospital (Update),Rural Consortium (Salida),673,8/17/2022,,,,0,,,,,,,,8/31/2022,0,7/11/2022,Watsonville Community Hospital (Update),Closure (Sale of Business),,0,
Sector 56: Administrative and Support and Waste Management and Remediation Services,230,HSS Inc.,Denver,230,9/1/2022,,,,0,,,,,,,,9/30/22,0,7/12/22,HSS Inc.,Loss of Contract w/City of Denver,,0,
Sector 561730: Landscaping,60,Metco Landscaping (Arvada),Jefferson,60,7/28/22,,,,0,,,,,,,,7/28/22,0,8/1/22,Metco Arvada,Unforseen Business Circumstance,,0,
Sector 561730: Landscaping,165,Metco Landscaping (Aurora HQ),ADWorks,165,7/28/22,,,,0,,,,,,,,7/28/22,0,8/1/22,Metco Aurora HQ,Unforseen Business Circumstance,,0,
Sector 561730: Landscaping,44,Metco Landscaping (Aurora),ADWorks,44,7/28/22,,,,0,,,,,,,,7/28/22,0,8/1/22,Metco Aurora,Unforseen Business Circumstance,,0,
Sector 561730: Landscaping,36,Metco Landscaping (Colo Springs),El Paso,36,7/28/22,,,,0,,,,,,,,7/28/22,0,8/1/22,Metco Colo Springs,Unforseen Business Circumstance,,0,
Sector 561730: Landscaping,38,Metco Landscaping (Englewood),ADWorks,38,7/28/22,,,,0,,,,,,,,7/28/22,0,8/1/22,Metco Englewood,Unforseen Business Circumstance,,0,
Sector: 22 Utilities 118 Other Electrical Power Generators,104,Chord Energy,Denver,,12/1/2022,,,,0,,,,,,,,6/30/2023,0,9/29/22,Chord Energy,Merger wth Whiting & Oasis,,0,
"Sector 31, 311: Food Manufacturing",121,Platerra Foods,"Denver, Boulder",,11/30/2022,,,,0,,,,,,,,12/20/22,0,9/29/22,Platerra,Closure - Cease Operations,,0,
Sector 51: Information,41,Starry Inc.,ADWorks,,10/21/2022,,,,0,,,,,,,,10/21/22,0,10/20/22,Starry Inc.,Business Changes,,0,
Sector 336414: Guided Missile and Space Vehicle Manufacturing,,Astra Space Inc.,Pikes Peak/Teller,,11/9/2022,,,,0,,,,,,,,11/9/22,0,11/9/22,Astra Space inc.,Refocus business operations,,0,
Sector 62:Healthcare & Social Assistance,1,Rume Health,Denver,,1/20/2023,,,,0,,,,,,,,1/20/23,0,11/21/22,,Unknown,,0,
Sector 51: Information 519290 Web Search Portals & Other Info Services,,Twitter (Boulder) Supplemental,Boulder,,1/20/2023,,,,0,,,,,,,,1/20/23,0,11/25/22,Twitter Supplemental,Voluntary Resignation,,0,
"Sector 54: Professional, Scientific Services",43,Inscripta,Boulder,,,,,,0,,,,,,,,,0,12/2/22,Inscripta,Closure/Reduction in Force,,0,
Sector 62: Healthcare & Social Assistance,55,Centura Porter Place,Denver,,2/17/2023,,,,0,,,,,,,,2/17/23,0,12/14/22,Centura Porter Place,Closure of Retirement Center,,0,
Sector 23: Construction,666,Wanzek Construction,Pueblo,,1/3/2023,,,,0,,,,,,,,1/3/23,0,1/3/23,Wanzek Construction,Cancellation of Contract,,0,
Sector 81: Other services (except public administration),3,SSDI,Rural Consortium,,4/21/2019,ericboyer588@gmail.com,,,4,5,570 7th Ave W,4,,,9706200979,,4/21/2021,2,4/21/2019,,Other,Angela Boyer,,
Sector 56: Administrative and support and waste management and remediation services,0,Monkey's Avatar,Boulder,,9/15/2020,monkey@monkeysavatars.onmicrosoft.com,,,0,2,5171 Eldorado Springs Drive Suite J,Administrative,,851204158,3036507428,,12/31/2020,2,9/1/2020,,COVID/Pandemic Related,Kristi,,
"Sector 54: Professional, scientific and technical services",1,Haley A Jackson,Boulder,,10/1/2020,haley1234455@gmail.com,,,0,1,2025 Collyer rd Longmont Colorado  801055,House cleaning,,252877709,4783200396,,10/1/2021,0,10/1/2020,,COVID/Pandemic Related,Haley A Jackson,,
Sector 48: Transportation & Warehousing,0,Southwest Airlines - Update,Denver,,,,,,0,,,556 furloughs were rescinded,,,,,,0,1/8/2021,,Layoffs Rescinded,,,
Sector:53: Real Estate Rental & Leasing/531190,76,Strive Communities Management,Arapahoe/Douglas,,3/15/21,,,,0,,,Various: See WARN,,,,,3/28/21,0,1/14/21,,Closure due to sale,,,
Sector 51: Information,107,Concentrix,Pueblo,,3/31/21,,,,0,,,Not dislclosed,,,,,3/31/21,0,1/25/21,,Closure,,,
Sector 48: Transportation & Warehousing,10,United Airlines,Denver,,3/31/21,,,,983,,,"Front line employees, management & administration positions",,,,,3/31/21,0,1/29/21,,COVID-19 Decrease in air travel,,,
Sector 22: Utilities/Wind Electric Power Generation,280,Vestas Blades America Inc.,Weld,,4/17/21,,,,0,,,Not dislclosed,,,,,4/17/21,0,2/17/21,,Reduction in Force,,,
Sector 53: Real Estate Rental & Leasing / 531311- Residential Property Managers,93,Crestview Management LLC/Columbia Sussex Management,Denver,,4/1/21,,,,0,,,Not disclosed,,,,,4/1/21,0,2/18/21,,Change of Management Company,,,
Sector: 61 Educational Services,107,Johnson & Wales University,Denver,,5/4/21,,,,0,,,Not dislclosed,,,,,5/4/21,0,2/18/21,,Closure,,,
Sector 48-49: Transportation and warehousing,87,Orion Logistics LLC - Amazon Delivery Service Partner,Adams,,12/27/2020,jacquelynmwhite03@gmail.com,,,0,59,2889 Himalaya Rd. Aurora CO 80011,Delivery Drivers,,,7203970601,,2/27/2021,2,2/22/2021,,Other,Jacquelyn White,,
Sector 42: Consumer Electronics & Computers Retail,44,PomeroyTechnologies,Adams,,4/30/21,,,,0,,,Various:See WARN,,,,,4/30/21,0,2/26/21,,RIF: Loss of contract,,,
Sector 72: Accommodation and food services,3,Hill,Pikes Peak/Teller,,1/17/2019,rhillvball5@gmail.com,,,3,3,4801 sweetgrass lane,3,,521599732,7196469281,,3/11/2021,3,3/11/2021,,COVID/Pandemic Related,Roxanne Hill,,
Sector 55:  Management of companies & enterprises,417,Santander Consumer USA,Arapahoe/Douglas,,12/31/21,,,,0,,,"Primarily collections agents, customer service representatives and management",,,,,12/31/21,0,3/23/21,,Restructuring  & Closure,,,
Sector 32: Manufacturing/pharmaceutical preparation manufacturing,400,"Novartis Gene Therapies, Inc.",Boulder,,7/9/21,,,,0,,,Not disclosed,,,,,7/29/21,0,3/24/21,,Closure of facility,,,
Sector 51: Information,252,TTECH Services Corporation,Arapahoe/Douglas,,6/26/21,,,,0,,,Hourly customer service positions,,,,,7/10/21,0,4/13/21,,Closure,,,
Sector 56: Asset Adjusters,5,ART Asset Adjusters,Pikes Peak/Mesa/Adams,,4/23/21,,,,0,,,"Asset Services, data services, and recovery agents",,,,,4/23/21,0,4/23/21,,Loss of Business/COVID related,,,
Sector 56: Facilities Support Services,233,ABM,Arapahoe/Douglas,,5/31/21,,,,0,,,"Cleaner, leads, floor techs, district manager, zone manager & administration positions",,,,,5/31/21,0,5/6/21,,Loss of contract,,,
Sector 52: Investment Banking and Securities Dealing,287,T. Rowe Price,Pikes Peak,,8/1/21,,,,0,,,Various:See WARN,,,,,8/1/21,0,5/19/21,,Other,,,
Sector 23: Construction,102,Katerra Inc.,Arapahoe/Douglas,,6/4/21,,,,0,,,"Various: Project engineers, apprentices, carpenters, construction managers, Foremen",,,,,8/5/21,0,6/1/21,,Closure,,,
Sector 23: Construction,,Katerra Inc. Update Supplemental,Arapahoe/Douglas,,6/4/21,,,,0,,,"Various: Project engineers, apprentices, carpenters, construction managers, Foremen",,,,,8/5/21,0,6/3/21,,Seeking alternative financing that may impact layoffs,,,
Sector 23: Construction,0,T&H Services LLC,Pikes Peak/Teller,,8/5/2021,nhobbs@thtbc.com,,,50,315,"1649 Evans Street, Fort Carson, CO  80915",Unsure of total impact at this time - Government Budget impacts are not completely apparent,,,7193020311,,8/6/2021,50,6/4/2021,,Other,Nicholas Hobbs,,
"Sector 54: Professional, scientific and technical services",89,"Computer Task Group, Inc",Boulder,,8/31/2021,erin.delisanti@ctg.com,,,0,241,"6300 Diagonal Hwy, Boulder CO 80504","Customer Service Representatives (85), Account Manager (1), Staff Support Manager (2), Director (1)",,,7168877315,,8/31/21,0,6/22/2021,,Other,Erin Delisanti,,
Sector 23: Construction,,Katerra Inc. Update Supplemental2,Arapahoe/Douglas,,6/4/21,,,,0,,,"Various: Project engineers, apprentices, carpenters, construction managers, Foremen",,,,,8/5/21,0,7/2/21,,Seeking sale or purchase,,,
Sector 45: Retail Trade,85,Walmart Store #6177,Adams,,7/23/21,,,,0,,,Not stated,,,,,10/8/21,0,7/6/21,,Closure,,,
Sector 31-33: Manufacturing,0,"Process Solutions of Durango, Inc.",Rural Consortium,,7/15/2021,tom@processsolutions.us,,,2,2,"570 Turner Drive, Suite C, Durango, CO 81303",Not disclosed,,822367216,9703751200,,12/31/2021,0,7/15/2021,,COVID/Pandemic Related,Thomas L Duft,,
Sector 48: Transportation & Warehousing,434,United Airlines Update,Denver,,10/19/21,,,,0,,,Food service workers,,,,,11/2/21,0,7/30/21,,Outsourcing,,,
Sector 81: Other services (except public administration),8,Continuum of Colorado,Arapahoe/Douglas,,10/2/2021,a.morrow-kraljic@nmscolo.org,,,0,8,"5898 S. Sherman Way, Centennial, CO 80121",Direct Support Professional,,455324193,3034349290,,10/2/21,0,8/2/2021,,Closure,Andrea Morrow-Kraljic,,
Sector 81: Other services (except public administration),4,The beez kneez organic gardens,Pikes Peak/Teller,,7/20/2020,thebeezkneezllc@gmail.com,,,0,2,P.O. Box 6622 Colorado Springs colorado 80934,Gardeners and landscapers,,851072040,7196450575,,5/1/2021,2,8/15/2021,,COVID/Pandemic Related,Sarah Naylor,,
Sector 81: Other services (except public administration),5,Continuum of Colorado,Arapahoe/Douglas,,11/8/2021,a.morrow-kraljic@nmscolo.org,,,0,5,"5968 S. Clayton St., Littleton, CO 80121",Direct Support Professional,,455324193,3034349290,,11/8/21,0,9/7/2021,,Closure,Andrea Morrow-Kraljic,,
Sector 81: Other services (except public administration),9,Continuum of Colorado,Arapahoe/Douglas,,11/8/2021,a.morrow-kraljic@nmscolo.org,,,0,9,"1505 S. Ironton St., Aurora, CO 80012",Direct Support Professionals,,455324193,3034349290,,11/8/21,0,9/7/2021,,Closure,Andrea Morrow-Kraljic,,
"Sector 21: Mining, quarrying and oil and gas extraction",56,Crestone Peak Resources LLC,Denver,,10/15/2021,jennifer.merrick@crestonepr.com,,,0,56,"1801 California Street, Suite 2500 Denver, CO  80202",All,,,17204108507,,10/15/2021,0,9/9/2021,,Acquisition of Company,Jennifer Merrick,,
"Sector 21: Mining, quarrying and oil and gas extraction",90,Crestone Peak Resources LLC,Weld,,10/15/2021,jennifer.merrick@crestonepr.com,,,0,90,"10188 East I-25 Frontage Road  Firestone, CO 80504",All,,,17204108507,,10/15/2021,0,9/9/2021,,Acquisition of Company,Jennifer Merrick,,
"Sector 21: Mining, quarrying and oil and gas extraction",13,Crestone Peak Resources LLC,Arapahoe/Douglas,,10/15/2021,jennifer.merrick@crestonepr.com,,,0,13,"34501 E. Quincy Avenue Watkin, CO 80137",All,,,17204108507,,10/15/2021,0,9/9/2021,,Acquisition of Company,Jennifer Merrick,,
Sector 23: Construction,3,Moore Bros,Denver,,9/13/2021,Billmoore@moorebros.net,,,3,3,2515 jay st edgewater co 80214,Selling and building,,6674,3036684096,,9/13/2021,0,9/13/2021,,COVID/Pandemic Related,William Moore,,
Sector 42: Wholesale Trade Durable Goods,12,First Nation Group,Denver,,10/7/21,,,,0,,,Unknown,,,,,11/5/2021,0,10/7/2021,,Unforeseeable Business Circumstances,,,
Sector 53: Real Estate Rental & Leasing,20,Zillow Group,Arapahoe/Douglas,,1/3/22,,,,0,,,Unknown,,,,,12/31/22,0,11/4/21,,Eliminating Zillow Offers Line of Business,,,
Sector 53: Real Estate Rental & Leasing,1,Zillow Group Update 11-18-21,Arapahoe/Douglas,,1/17/22,,,,0,,,Unknown,,,,,1/17/22,0,11/18/21,,Eliminating Zillow Offers Line of Business,,,
"Sector 21: Mining, Quarrying, and Oil & Gas Extraction",83,Ouray Silver Mines,Rural Consortium / Western,,12/22/21,,,,0,,,"Mine, surface, maintenance, warehouse, mill accounting, technical, environmental",,,,,12/22/21,0,11/22/21,,Unforeseeable Business Circumstances,,,
Sector 62: Healthcare and Social Assistance,94,HSS Inc.,Denver,,12/31/21,,,,0,,,"Security Agents and Officers, supervisors, and scheduler",,,,,12/31/21,0,11/29/21,,Unforeseeable Business Circumstances,,,
Sector 561621: Security Systems Services,,Monitronics International- Brinks Home,"Multiple: Douglas, Teller, Denver",,10/10/21,,,,0,,,Field Sales & Management,,,,,10/10/21,0,12/20/21,,Eliminating Field Operations,,,
Sector 72: Accomodation and food services,160,513 Hotel Operating LLC,Colo Springs/Pikes Peak,,12/31/21,,,,0,,,Various hotel staff (See WARN for details),,,,,12/31/21,0,12/30/21,,Sale of Company,,,
53,,Avis Budget Group,ADW,3,8/31/20,,,,3,,,"Account Manager, Analyst Q&A, Local Sales Market Manager",,,,,,,8/31/2020,Avis Budget Group,COVID 19 Extended Furlough,,,
56,,ABM,Denver,178,4/10/2020,,,,,,,"Various: Supervisor, Administrative Assistant, Shuttle Driver and Bus Attendants",,,,,,178,6/30/2020,ABM,COVID - Temporary,,,
48,22,Airport Management Services & Hudson Group,Denver,45,10/1/20,,,,,,,"Service Associates including stock and warehouse, Supervisors; 22 permanent, 23 Temporary",,,,,,23,9/8/2020,Airport Mgmt Services & Hudson Group,"COVID 19 - 22 permanent, 23 temporary",,,
72,,Alamo Drafthouse Cinema Littleton - Update,Arapahoe/Douglas,87,8/17/20,,,,,,,Not disclosed,,,,,,72,8/17/2020,Alamo Drafthouse Littleton - Update,COVID - Temporary,,,
72,,Alamo Drafthouse Cinema Sloans Lake Update,Denver,87,8/17/20,,,,,,,Not disclosed,,,,,,87,8/17/2020,Alamo Drafthouse Sloans Lake Update,COVID - Temporary,,,
72,,Alamo Drafthouse Cinema Westminster  - Update,Adams,87,8/17/20,,,,,,,Not disclosed,,,,,,87,8/17/2020,Alamo Westminster Update,COVID - Temporary,,,
53,,Alamo Rent-A-Car,Denver,67,4/3020,,,,,,,"Various: Customer Service Agent, Service Agent, DOT Bus Driver, Exit Booth, Greeter",,,,,,67,4/30/2020,Alamo Rent-A-Car,Mass Layoff - Permanent,,,
81,,Alsco,Denver,85,3/20/20,,,,85,,,"Production, Route Sales Representatives",,,,,,,3/20/2020,Alsco,Furlough,,,
48,2,American Airlines,Denver,109,10/1/20,,,,107,,,Not Disclosed,,,,,,,7/15/2020,American Airlines,"COVID-19 - 2 Permanent, 107 Temporary Fulough",,,
62,154,American Pathology Partners and APP-UniPath,Denver,154,1/6/21,,,,,,,"Logistics, histology, accessioning, molecular services, cytology, administration, sales, client relations, hospital services, clinical services",,,,,,,11/6/2020,American Pathology Partners,Permanent,,,
72,58,Ameristar Casino Resort & Spa Black Hawk,Jefferson,58,11/1/20,,,,,,,Various,,,,,,,8/28/2020,Ameristar - Update,COVID - Permanent,,,
72,117,Ameristar Casino Resort Spa,Gilpin/Jefferson,117,9/15/2020,,,,,,,Not disclosed,,,,,,,6/11/2020,Ameristar Casino Resort Spa,Mass Layoff- Permanent,,,
31,71,Anheuser- Busch - Loveland,Larimer,71,12/4/2020,,,,,,,"Various: sales, drivers and more",,,,,,,9/29/2020,Anheuser-Busch,Sale of Company,,,
31,59,Anheuser-Busch - Colo springs,Pikes Peak,59,12/4/2020,,,,,,,"Various: drivers, drivers, merchandiser, and more (see WARN)",,,,,,,9/29/2020,Anheuser-Busch,Sale of Company,,,
31,220,Anheuser-Busch - Denver,Denver,220,12/4/2020,,,,,,,"Various: analysts business development, marketing, driver, mechanics and more (see WARN)",,,,,,,9/29/2020,Anheuser-Busch,Sale of Company,,,
31,50,Anheuser-Busch - Littleton,Arapahoe/Works,50,12/4/2020,,,,,,,"Various: analysts, drivers, sales, warehouse and more (see WARN)",,,,,,,9/29/2020,Anheuser-Busch,Sale of Company,,,
72,8,"Antlers, a Wyndham Hotel",Pikes Peak,28,9/10/20,,,,,,,"Sales admin, barista, line cook, restaruant manager, security officer, bartender, valet gift shop attendant, server, steward and others. 288 permanent, 20 temporary",,,,,,20,9/10/2020,Antlers Wyndham Hotel,"COVID 19 - 8 permanent, 20 temporary",,,
33,,Aqua Hot Heating Systems,Weld,10,3/26/20,,,,10,,,Various,,,,,,,4/13/2020,Aqua,Furlough,,,
72,,Arabelle at Vail Square,Rural Resort,17,,,,,,,,17 EMPLOYEES TOTALING 99,,,,,,17,5/4/2020,Arabelle,COVID - Temporary,,,
72,,Aramark at Coors Field,Denver,71,,,,,,,,Various,,,,,,71,10/16/2020,Aramark Coors Field,COVID-Temporary,,,
72,,Aramark at Mission Ballroom,Denver,904,,,,,,,,Various,,,,,,904,10/16/2020,Aramark Mission Ballroom,COVID-Temporary,,,
71,,Arapahoe Fitness LLC,Arapahoe/Dougless,97,3/31/20,,,,97,,,"Managers, Trainers, Front Desk, Member Sales, Instuctors",,,,,,,3/31/2020,Arapahoe Fitness,Furlough,,,
72,,Arrabelle at Vail Square,Rural Consortium,82,4/6/20,,,,,,,Unspecified,,,,,,82,4/6/2020,Arrabelle at Vail,COVID-19 Temporary Closure,,,
71,,Aurora Health & Fitness,Arapahoe/Dougless,52,3/31/20,,,,52,,,"Managers, Trainers, Front Desk, Member Sales, Instuctors",,,,,,,3/31/2020,Aurora Health & Fitness,Furlough,,,
53,,Avis Budget Group (ADW - Englewood),ADW,2,8/31/20,,,,2,,,Technicians,,,,,,,8/31/2020,Avis Budget Group,COVID 19 Extended Furlough,,,
53,,Avis Budget Group (Denver),Denver,2,8/31/20,,,,2,,,"Sales Performance Manager, Territority Performance Manager",,,,,,,8/31/2020,Avis Budget Group,COVID 19 Extended Furlough,,,
53,260,Avis Budget Group/Avis Budget Car Rental,Denver,260,3/13/20,,,,,,,"Agents, Customer Service Reps, Associate Rental Sales, Administrative, mechanic, shuttlers etc.",,,,,,,4/10/2020,Avis Budget Group,Fulough and Permanent,,,
72,,Barcelona Wine Bar,Denver,69,3/18/20,,,,,,,Not Disclosed,,,,,,69,5/2/2020,Barcelona Wine Bar,COVID-19: Mass Layoff,,,
72,,Bartaco,Boulder,53,3/21/20,,,,,,,Not disclosed,,,,,,53,4/1/2020,Bartaco,Mass Layoff- Temporary,,,
21,51,Basic Energy Services,Rural Consortium - Eastern Sub-Area,51,4/15/20,,,,,,,Various: Managers & Supervisors,,,,,,,4/15/2020,Basic Energy Srvs,Permanent,,,
21,26,Basic Energy Services (Updated),Ft. Morgan,26,4/23/20,,,,,,,"Equipment Operators, Mechanics, Field Supervisor, Welder, Staff Assistant",,,,,,,4/23/2020,Basic Energy Services,Permanent,,,
21,26,Basic Energy Services (Updated),Rural Consortium - Eastern,26,4/23/20,,,,,,,"Equipment Operators, Mechanic, Field Supervisor-Pumping Services, Machinist, Welder, Staff Assistant",,,,,,,4/23/2020,Basic Energy Update,Permanent,,,
72,,Beaver Creek Resort,Rural Consortium,297,4/6/20,,,,,,,Unspecified,,,,,,297,4/6/2020,Beaver Creek,COVID-19 - Temporary Closure,,,
72,,Beaver Creek Resort,Rural Resort,26,,,,,,,,26 ADDITIONAL tOTALING 323,,,,,,26,5/4/2020,Beaver Creek Resort,COVID - Temporary,,,
44,,Bed Bath & Beyond,Araphaoe/Douglas,98,4/4/20,,,,98,,,Not Disclosed,,,,,,,4/17/2020,Bed Bath & Beyond,COVID-19 - Furloughs,,,
45,,Bicycle Village,"Multiple: A/D, Boulder, Rural Consortium",65,4/6/20,,,,,,,Unspecified,,,,,,65,4/6/2020,Bicycle Village,COVID-19 - Temporary Closure,,,
45,,Bicycle Village,Rural Resort,1,,,,,,,,1 ADDITIONAL TOTALING 62,,,,,,1,5/4/2020,Bicycle Village,COVID - Temporary,,,
54,137,Bluprint (3 locations),Denver,137,7/22/20,,,,,,,"Various: Photographers, Product Managers, Customer Support, Engineers, Editors and Others",,,,,,,5/22/2020,Bluprint,Closure - Permanent,,,
71,,Breckenridge Ski Resort,Rural Resort,24,,,,,,,,24 ADDITIONAL TOTALING 129,,,,,,24,5/4/2020,Breckenridge Ski Resort,COVID - Temporary,,,
71,,Breckenridge SSBRK,Rural Resort,55,,,,,,,,Not Disclosed,,,,,,55,5/4/2020,Breckenridge SSBRK,COVID - Temporary,,,
71,,Brekenridge Ski Resort,Rural Consortium,105,4/6,,,,,,,Unspecfiied,,,,,,105,4/6/2020,Breckenridge Ski,COVID-19 - Temporary Closure,,,
72,,Brown Palance Denver,Denver,298,5/21/20,,,,,,,"Various: Cooks, Food Servers, Bussers, Laundry, Banquet Servers, Hostesses and more.",,,,,,298,5/21/2020,Brown Palace,COVID-19 Temporary,,,
72,,Calimira dba Rusty Bucket Restraunt & Tavern,Adams,65,,,,,,,,Not disclosed,,,,,,65,3/23/20,Rusty Bucket,COVID-19/Temporary Closure,,,
72,,Cameron Mitchell Restaurants - AD,Arapahoe/Douglas,56,,,,,,,,"servers, bartenders, managers, cooks, chefs, home office employees, directors and executives",,,,,,56,12/8/2020,Cameron Mitchell Restaurants AD,COVID Temporary,,,
72,,Cameron Mitchell Restaurants-Denver,Denver,70,,,,,,,,"servers, bartenders, managers, cooks, chefs, home office employees, directors and executives.",,,,,,70,12/8/2020,Cameron Mitchell Restaurants-Denver,COVID - Temporary,,,
42,,Centerplate Sodexo,Denver,276,12/16/20,,,,,,,Various,,,,,,276,11/17/2020,Centerplate Sodexo,COVID - Temporary,,,
92,,City of Fort Lupton,Weld,78,4/18/20,,,,78,,,,,,,,,,4/8/2020,Ft Lupton,Furlough,,,
62,,ClearChoice,ADWorks,120,3/23/20,,,,,,,55 layoffs and 13 furloughs,,,,,,120,3/23/2020,Clear Choice,COVID-19/Temporary Closure,,,
72,,Colombo,Denver DIA,21,3/29/20,,,,,,,undisclosed,,,,,,21,3/26/2020,Columbo,COVID-19 - Temporary Closure,,,
79,,Colorado Athletic Club - Boulder,Boulder,186,3/20/20,,,,186,,,Not disclosed,,,,,,,3/30/2020,Colo Athletic Boulder,Furlough,,,
79,,Colorado Athletic Club - DTC,Arapahoe/Dougless,115,3/20/20,,,,115,,,Not disclosed,,,,,,,3/30/2020,Colorado Athletic - DTC,Furlough,,,
79,,Colorado Athletic Club - Flatiron,Boulder,115,3/20/20,,,,115,,,Not disclosed,,,,,,,3/30/2020,Colorado Athletic Flatiron,Furlough,,,
79,,Colorado Athletic Club - Inverness,Arapahoe/Dougless,135,3/20/20,,,,135,,,Not disclosed,,,,,,,3/30/2020,Colorado Athletic Inverness,Furlough,,,
79,,Colorado Athletic Club - Monaco,Denver,192,3/20/20,,,,192,,,Not disclosed,,,,,,,3/30/2020,Colorado Athletic Monaco,Furlough,,,
79,,Colorado Athletic Club - Tabor Center,Denver,144,3/20/20,,,,144,,,Not disclosed,,,,,,,3/30/2020,Colo Athletic Tabor Ctr,Furlough,,,
79,,Colorado Athletic Club - Union Station,Denver,88,3/20/20,,,,88,,,Not disclosed,,,,,,,3/30/2020,Colorado Athletic Union Station,Furlough,,,
79,,Colorado Fitness Holdings,Pikes Peak,59,3/31/20,,,,59,,,"Managers, Trainers, Front Desk, Member Sales, Instuctors",,,,,,,3/31/2020,Col Fitness Holdings,Furlough,,,
48,,Colorado Mountain Express,"Multiple: Rural Consortium, Denver",198,4/6/20,,,,,,,Unspecified,,,,,,198,4/6/2020,CO Mtn Express,COVID-19 - Temporary Closure,,,
48,,Colorado Mountain Express,Rural Resort,13,,,,,,,,Not Disclosed; 13 additional totaling 211,,,,,,13,5/4/2020,Colorado Mtn Express,COVID - Temporary,,,
45,,Colorado Ski & Golf,"Multiple: A/D, Pikes Peak, Jeffco",133,4/6/20,,,,,,,Unspeficied,,,,,,133,4/6/2020,CO Ski & Golf,COID-19 - Temporary Closure,,,
45,,Colorado Ski & Golf,Rural Resort,10,,,,,,,,Not Disclosed; 10 additional totaling 143,,,,,,10,5/4/2020,Colorado Ski and Golf,COVID - Temporary,,,
51,,Cox Automotive,Arapahoe/Douglas,163,5-17-20,,,,,,,Not Disclosed,,,,,,163,5/8/2020,Cox Automotive,COVID - Temporary,,,
72,,Curtis Hotel,Denver,182,3/27/20,,,,,,,"Wait staff, bartenders, parking attendants, cooks, front desk, baristas, bellmen, room attendants",,,,,,182,3/27/2020,Curtis Hotel,COVID-19 - Temporary Closure,,,
72,,Curtis Hotel Update,Denver,136,,,,,136,,,"Housekeeping, prep cooks, banquet service, baristas, wait staf, bellman,  and more.",,,,,,,7/6/2020,Curtis Hotel Update,COVID Permanent,,,
54,,Czarnowski,Denver,53,,,,,,,,"Various: 3D Designer, Account Mgr, Admin Graphics, Carpenters, Proj Mgr and more",,,,,,53,5/15/2020,Czarnowski,COVID-Temporary,,,
54,,Czarnowski - Update,Denver,9,,,,,9,,,"Various:  3D Designer, Account Manager, Inventory, Carpenter Inventory Control, CNC Operator, Warehouse, Rental",,,,,,,6/5/2020,Czarnowski - Update,Temporary furloughs,,,
54,,Czarnowski Update,Denver,20,,,,,,,,"Account Managers, Carpenters, Accounting Assitants, CAD, data entry Rental CAD, Rental designer and more",,,,,,20,7/15/2020,Czarnowski Update,COVID Temporary,,,
72,,Dave and Busters Denver,Denver,136,11/8/20,,,,136,,,Not specified,,,,,,,9/8/2020,Dave & Busters Denver,COVID 19 Permanent,,,
72,,Dave and Busters Westminster,Adams,98,11/8/20,,,,98,,,Not specified,,,,,,,9/8/2020,Dave & Busters Westminster,COVID 19 Permanent,,,
72,,Delaware North Company,Denver,96,7/28/20,,,,,,,"Various: Bartenders Cocktail Servers, Cooks, Utility workers, Stand Attendants, and more",,,,,,96,7/28/2020,Delaware North Company,COVID Temporary,,,
49,,Deliverol Global,Denver,53,8/10/20,,,,53,,,"Various: Delivery Associates, Shift and Site Leads",,,,,,,8/10/2020,Deliverol Global,Permanent Mass Layoff (Ending Contract),,,
72,,Dels Diner,Rural Consortium,14,3/17/20,,,,,,,"cooks, waitresses, management",,,,,,14,3/17/2020,Del's Diner,COVID-19-Temporary Closure,,,
72,,Denver Center for Performing Arts,Denver,151,6/1/20,,,,,,,"Various: Ticket Agents, Stage Hands, Office Managers, Production Electricians and Ohters",,,,,,151,5/27/2020,Denver Center for Performing Arts,Mass Layoff -Temporary/Some Permanent,,,
72,,Denver Crown Plaza,Denver,69,3/12/20,,,,69,,,"Various: Banquet Servers & Setup, Accounting Clerk, Engineer, Barista, Event Sales, Front Desk and others",,,,,,,5/8/2020,Crown Plaza,Furloughs,,,
21,,Discovery Natural Resources,Denver,28,,,,,28,,,Not disclosed,,,,,,,4/8/2020,Discovery,Furlough,,,
72,,Double Tree by Hilton Update -3203 Quebec,Denver,103,7/31/20,,,,,,,Not disclosed,,,,,,103,7/31/2020,Doubletree 3203 Quebec,COVID Temporary,,,
72,,DoubleTree Colorado Springs,Pikes Peak,177,3/16/20,,,,,,,"Various: Accounting Personnel, Sales and Event Managers, Operations Managers, Front Line Supervisors, Shuttle drivers",,,,,,177,5/15/2020,Doubletree,COVID-19 Temporary,,,
72,,Doubletree Denver Tech Center,Arapahoe/Douglas,87,3/13/20,,,,,,,Various: Request WARN for detail.,,,,,,87,4/2/2020,Doubletree DTC,COVID-19 - Temporary Closure,,,
72,27,Doubletree Denver Tech Center,Denver,27,10/22/20,,,,,,,Not specified,,,,,,,10/20/2020,Doubletree Denver,COVID-Permanent,,,
72,,Doubletree Grand Junction,Mesa,52,3/13/20,,,,,,,Various: Request WARN for detail.,,,,,,52,4/2/2020,Doubletree GJ,COVID-19 - Temporary Closure,,,
23,,Dynalectric Company,Boulder,2,3/13/20,,,,,,,undisclosed,,,,,,2,3/27/2020,Dynalectric,COVID 19- Temporary Closure,,,
23,,Dynalectric Company,Denver,1,3/30/20,,,,,,,Various: Request WARN for detail.,,,,,,1,4/2/2020,Dynalectric,COVID-19 - Temporary Closure,,,
23,,Dynalectric Company,Pikes Peak,1,4/18/20,,,,1,,,Not Disclosed,,,,,,,4/10/2020,Dynalectric,Furlough,,,
72,,Earls Restaurants USA Inc.,Denver & Arapahoe/Douglas,134,3/25/20,,,,,,,"servers, dishwashers, cook, bartender, prep, setter dining & lounge, host +",,,,,,134,3/25/2020,Earls,COVID-19 - Temporary Closure,,,
72,,Ebassy Suites Denver Downtown,Denver,118,3/19/20,,,,,,,Variety of positions - Request WARN for detail,,,,,,118,3/30/2020,Embassy Suites,COVID-19 Temporary Closure,,,
33,,EcoGen Laboratories,Grand Junction (Mesa),101,,,,,101,,,Variety of postions - Request WARN for detail,,,,,,,6/19/2020,EcoGen,Mass Layoff- Permanent,,,
33,,EcoGen Laboratories - Update,Mesa,101,,,,,101,,,Not specified,,,,,,,7/23/2020,EcoGen Labs - Update,COVID Permanent,,,
33,,Ecogen Laboratories Update,Mesa,168,7/23/20,,,,168,,,Not disclosed,,,,,,,7/23/2020,Ecogen Update,COVID Permanent,,,
72,,Einstein Brothers,Denver DIA,34,3/29/20,,,,,,,undisclosed,,,,,,34,3/26/2020,Einstein Brothers,COVID-19 - Temporary Closure,,,
53,,Electro Rent,Boulder,1,,,,,1,,,"Electronic Tech, Digital Demand Generation, IT Tech Support, Test Equipment Operator, Equipment Support Techs, Production Operator",,,,,,,5/16/2019,Electro Rent,COVID Furlough,,,
53,55,Electro Rent,Denver,55,7/1/20,,,,,,,"Various: Equipment Support Techs, Electronic Techs, Customer Support Tech, Territory Account Mgrs, and more",,,,,,,7/1/2020,Electro Rent Update,COVID Permanent,,,
42,,Electronic Recyclers,Araphaoe/Douglas,26,3/24/20,,,,,,,"Operators, environmental and Safety, production, truck driver, HR assistant, loss prevention",,,,,,26,3/25/2020,Electronic Recyclers,COVID-19 Temporary Closure,,,
72,,Elizabeth Hotel,Larimer,111,3/27/20,,,,,,,"Wait staff, bartenders, parking attendants, cooks, front desk, baristas, bellmen, room attendants",,,,,,111,3/27/2020,Elizabeth Hotel,COVID-19 - Temporary Closure,,,
72,,Embassy Suites & Hilton Garden Inn Boulder,Boulder,126,3/27/20,,,,,,,Variety of positions - Request WARN for detail,,,,,,126,3/27/2020,,COVID-19 - Temporary Closure,,,
72,,Embassy Suites Boulder -Update,Boulder,61,6/13/20,,,,,,,"Various: Cooks, Laundry, Managers, Breakfrast Attendnance and others; REINSTATING 95 AND LAYING OFF 61",,,,,,61,5/15/2020,Embassy Suites Boulder,Reinstate and COVID Temporary,,,
72,,Embassy Suites by Hilton Colo Springs - Updated,Pikes Peak,57,7/1/20,,,,57,,,"Various: Banquet Server, Bartenders, Comp Bar, Cooks, Sales, Front Desk, Housekeepers, Maintenance and others",,,,,,,6/26/2020,Embassy Suites Colo Springs,COVID-19 Permanent RIF,,,
72,,Embassy Suites by Hilton Denver Tech North  - Updated,Denver,56,7/1/20,,,,56,,,"Various: Banquet Server, Bartenders, Comp Bar, Cooks, Sales, Front Desk, Housekeepers, Maintenance and others",,,,,,,6/26/2020,Embassy Suites Denver,COVID-19 Permanent RIF,,,
72,,Embassy Suites Denver Downtown Update,Denver,112,6/29/20,,,,112,,,"Banquet servers, sales managers, housekeeping room attendants, dishwashers, servers and more",,,,,,,6/29/2020,Embassy Suites Denver Downtown Update,COVID Permanent,,,
53,,Enterprise and National Rent-A-Car,Denver,83,4/30/20,,,,83,,,"Various: DOT Bus Drivers, Drivers, Return Agents, Maintenance Techs and others",,,,,,,4/30/2020,Enterprise and National Rent-A-Car,Mass Layoff - Permanent,,,
72,,Etias,Denver DIA,32,3/29/20,,,,,,,undisclosed,,,,,,32,3/26/2020,Etias,COVID-19 - Temporary Closure,,,
21,62,Extraction Oil and Gas Inc,Denver,62,7/17/20,,,,,,,Not Disclosed,,,,,,,7/17/2020,Extraction Oil and Gas,COVID-19 Permanent,,,
56,,Factual Data,Boulder,26,3/27/20,,,,26,,,Not Disclosed,,,,,,,3/27/2020,Factual Data,Furlough,,,
23,126,Flatiron,Arapahoe/Douglas,126,,,,,,,,Various,,,,,,,4/15/2020,Flatiron,Permanent closure,,,
72,,Fort Collins Hilton,Larimer,113,5/8/20,,,,,,,"Various: Banquet Servers & Setup, Accounting Clerk, Engineer, Barista, Event Sales, Front Desk and others",,,,,,113,5/8/2020,Ft Collins Hilton,Mass Layoff - Temporary,,,
72,,Four Seasons,Denver,268,11/1/20,,,,,,,Various hotel staff positions (See WARN),,,,,,268,9/11/2020,Four Seasons,Temporary Closure for Rennovation,,,
48,,Frontier Airlines,Denver,398,,,,,,,,Not Disclosed,,,,,,398,7/30/2020,Frontier,COVID 19 TEMPORARY,,,
72,,FS Vail Employment/Four Seasons Resort and Residences Vail,Rural Resort,243,,,,,,,,"Various: Accounting, Front Desk, Guestroom Attendants, Activities Attendants, Cooks, Engineers, Banquest services etc.",,,,,,243,3/20/2020,Four Seasons Vail,COVID-19 Temporary Closure,,,
48,,G2 Secure Staff,Denver,23,3/27/20,,,,23,,,"Wheel Chair Agents, Dispatchers & Leads, Admin/Mgmt (Non-Union)",,,,,,,4/7/2020,G2 Secure,Furlough,,,
72,,Gaylord Rockies Resort & Convention Center,Arapahoe/Douglas,1226,3/13/20,,,,,,,"Various:Attendants, Cooks, Housekeeping, Billing, Performers, Engineers, Guest Experience Experts, Loss Prevention officer and more.",,,,,,1226,6/5/2020,Gaylord,Temporary furloughs  and /or reduction in hours,,,
92,,Geo Reentry Services LLC,Pikes Peak (Colo Springs),196,3/6/2020,,,,196,,,"Various: Corrections Personnel (136), Rehabilitation Providers/Therapists (23), General Admin (17), Food Service (6), Medical (14)",,,,,,,1/7/2020,Geo,Furlough,,,
53,,Go Rentals,Denver,7,3/22/20,,,,7,,,"Carwash, Manager, Carcierge",,,,,,,3/20/2020,Go Rental Denver,Furlough,,,
53,,Go Rentals,Rural Consortium,11,3/22/20,,,,11,,,"Carwash, Regional Manager, Trainee, Detailer",,,,,,,3/20/2020,Go Rental RC,Furlough,,,
72,,Grand Hyatt Denver,Denver,317,6/20/20,,,,,,,"Various: Clerks, Cooks, Bartenders, Event Managers, Greeters, Hosts, Room Attendants, Security Officers, Servers Events and mor.",,,,,,317,6/3/2020,Grand Hyatt Denver,Partial Closure - conversions of furloughs to temporary layoffs and some extensions of furloughs,,,
72,32,Grand Hyatt Denver,Denver,32,11/6/20,,,,,,,"Various: Supervisors, Managers, Chefs, Event Services, and more. (See WARN)",,,,,,,11/4/2020,Grand Hyatt Denver,COVID- Permanent,,,
72,,Grand Hyatt Vail,Rural Resort,196,,,,,,,,"Various: Servers, Cooks, Stewards, Event Manger, Front Desk, Housekeeping, Purchasing, Maintenance & more, 196 (7 perm & 189 furlough)196",,,,,,196,6/15/2020,Grand Hyatt Vail,Temporary furloughs & layoffs,,,
72,9,Grand Hyatt Vail - Update,Rural Consortium =RR,9,9/4/20,,,,,,,Various hotel staff positions (See WARN),,,,,,,9/11/2020,Grand Hyatt,COVID 19 - Permanent Closure,,,
72,,Great Wolf Lodge,Pikes Peak,446,3/16/20,,,,,,,"Wait staff, bartenders, parking attendants, cooks, front desk, baristas, bellmen, room attendants",,,,,,446,3/27/2020,Great Wolf,COVID-19 - Temporary Closure,,,
51,62,Group Publishing Inc.,Larimer,62,,,,,,,,Not disclosed,,,,,,,5/22/2020,Group Publishing,Mass Layoff - Permanent,,,
56,3,Guest Services,RC,3,9/25/20,,,,,,,Not specified,,,,,,,7/23/2020,Guest Services,COVID Permanent,,,
21,130,Halliburton,Weld,130,4/13/20,,,,,,,Various,,,,,,,4/14/2020,Halliburton,Permanent,,,
72,,Hard Rock Cafe,Denver,74,,,,,74,,,"Bartender, Bussers, Dishwashers, Financial Asst, Line Cook, Maintenance, Cafe Sales, Cooks, Supervisors kitch and Retail",,,,,,,4/22/2020,Hard Rock Cafe,Furlough,,,
53,190,Hertz Corporation,Denver,190,,,,,,,,"Various: Vehicle Service Attendancts, Courtesy Bus Drivers, Customer Care, Mechanics",,,,,,,4/24/2020,Hertz Corp,Mass Layoff - Permanent,,,
53,212,Hertz Corporation (Update),Denver,212,8/17/2020,,,,,,,Variety of postions - Request WARN for detail,,,,,,,6/18/2020,Hertz Corporation (Update),Mass Layoff- Permanent,,,
53,19,Hertz Corporation Update,Denver,19,5/20/20,,,,,,,"Various: Customer Care, Clerks",,,,,,,5/21/2020,Hertz Corp Update,Mass Layoff - Permanent,,,
72,24,Hilton Denver City Center - Updated,Denver,24,10/23/20,,,,,,,Not reported,,,,,,,10/9/2020,Hilton Denver City,COVID - Permanent,,,
72,,Hilton Denver City Center Update,Denver,,7/24/20,,,,,,,Not disclosed,,,,,,0,7/24/2020,Hilton Denver City Update,COVID Temporary,,,
72,,Hilton Denver Inverness,Arapahoe/Douglas,0,,,,,,,,"Various: Clerks, Controllers, Event Sales Engineering, Event Planner, Front Desk Agent, Supervisor, Room Service; EXTEND DATE 200",,,,,,0,5/6/2020,Hilton Inverness,COVID - Temporary,,,
72,,Hilton Garden Denver Inverness - Update,ADW,187,8/19/20,,,,187,,,Various,,,,,,,8/31/20,Hilton Denver Inverness,COVID 19 Extended Furlough,,,
72,,Hilton Garden Inn,Denver,113,,,,,,,,"Various: Clerks, Controllers, Event Sales Engineering, Event Planner, Front Desk Agent, Supervisor, Room Service",,,,,,113,5/4/2020,Hilton Garden Inn,COVID - Temporary,,,
72,,Hilton Garden Inn - Update,Denver,76,8/19/20,,,,76,,,Various,,,,,,,8/31/2020,Hilton Garden Inn,COVID 19 Extended Furlough,,,
72,92,Hiro and Company,Denver,92,5/31/20,,,,,,,"Various: bussers, servers, cooks,hosts, kitchen staff, managers, bar staff, bartenders, chefs",,,,,,,6/9/2020,Hiro & Company,Permanent,,,
72,,HMSHost,Denver,21,,,,,,,,Not disclosed,,,,,,21,3/20/2020,HMS Host,COVID-19/Temporary Closure,,,
72,184,HMSHost - Update,Denver,184,10/15/19,,,,,,,"Various: Baristas, Bartenders, Supervisors, Utility, Cooks and more",,,,,,,8/11/2020,HMSHost Update,COVID - Permanent,,,
72,,Holiday Inn Denver East Stapleton,Denver,24,3/19/20,,,,,,,"bartender, Director of Sales, Van Driver, FD agent, Night Audit, Group sales, laundry, cooks, maintenance tech, attendants, servers, bussers, stewards",,,,,,24,3/23/2020,,COVID-19 - Temporary Closure,,,
48,55,Hudson Group & Airport Management Services,Denver,55,7/31/20,,,,,,,"Beauty Advisors, office administration, operations manager, service associate, specialty service associate, supervisor, warehouse associate",,,,,,,7/30/2020,Hudson Group Airport Mgmt Srvs,COVID Permanet,,,
72,,Hyatt Regency Denver,Denver,464,3/29/20,,,,,,,"Various: Cooks, Housepersons, Event Services Supervisors, Hosts, Housekeeping, Security Officers, Servers, & Others20 tOTAL 464 permanent;  87-extensions of furloughs, 357-furloughs to temporary layoffs w/o employment benefits",,,,,,464,6/2/2020,Hyatt Regency Denver,"COVID-19 - Partial Closure: permanent, furloughs to temporary layoffs, extension of furloughs",,,
72,88,Hyatt Regency Denver,Denver,88,11/6/20,,,,,,,"Various: Managers, Housekeepers, Event Managers, Housekeeping, Sales and more (See WARN)",,,,,,,11/4/2020,Hyatt Regency Denver,COVID-Permanent,,,
,,International Car Wash Group,Arapahoe/Douglas,37,3/31/20,,,,37,,,"Accountants, Accounts Payable, Business Manager, Construction Manager, Financial Analysts, Marketing",,,,,,,3/27/2020,ICWG,Furlough,,,
54,82,iQor Holdings US LLC,Pueblo,82,5/1/2020,,,,,,,Unknown,,,,,,,3/2/2020,IQor,Mass Layoff m- Permanent,,,
54,0,"iQor Holdings US LLC (Update, 33 jobs saved)",Rural Consortium,,,,,,0,,,N/A,,,,,,0,4/24/2020,Iqor Update,Jobs Saved,,,
51,,Isis Theatre/Metro Rocky Mountain Cinemas,Rural Resort,11,3/21/20,,,,,,,2 on furlough,,,,,,11,3/20/2020,Isis,COVID-19 /Mass Layoff-Temp,,,
71,,Isle of Capri & Lady Luck Casinos,Gilpin/Jefferson,470,4/7/20,,,,470,,,Not Disclosed,,,,,,,4/7/2020,Capri & Lady,Furlough,,,
72,,Italian Beverage LLC,Denver,92,4/6/20,,,,92,,,"Various: cooks, bartenders, host, server, food runners, barista, diswasher host",,,,,,,4/6/2020,Italian Bev,Furlough,,,
72,,JW Marriott Denver Cherry Creek,Denver,112,3/23/20,,,,,,,Variety of positions - Request WARN for detail,,,,,,112,3/30/2020,JW Marriott,COVID-19 Temporary Closure,,,
72,,Keystone Conference Center,Rural Consortium,75,4/6/20,,,,,,,Unspecified,,,,,,75,4/6/2020,Keystone Confer.,COVID-19 - Temporary Closure,,,
72,,Keystone Conference Center,Rural Resort,25,,,,,,,,"Not Disclosed; extend furlough date,25 additional totaling 100",,,,,,25,5/4/2020,Keystone Conference Ctr,COVID - Temporary,,,
72,,Keystone Lodging,Rural Consortium,200,4/6/20,,,,,,,Unspecified,,,,,,200,4/6/2020,Keystone Lodging,COVID-19 - Temporary Closure,,,
72,,Keystone Lodging,Rural Resort,42,,,,,,,,Not Disclosed; 42 additional totaling 242,,,,,,43,5/4/2020,Keystone Lodging,COVID - Temporary,,,
72,,Keystone Resort,Rural Resort,11,,,,,,,,Not Disclosed; 11 ADDITIONAL TOTALING 158,,,,,,11,5/4/2020,Keystone Resort,COVID - Temporary,,,
72,,Keystone Resort-Update,Rural Consortium,147,4/6/20,,,,,,,Unspecified,,,,,,147,4/6/2020,Keystone Resort,COVID-19- Temporary Closure,,,
72,,KFC-PHX,Denver DIA,16,3/29/20,,,,,,,undisclosed,,,,,,16,3/27/2020,KFC,COVID-19 - Temporary Closure,,,
72,,Kimpton Hotel Born,Denver,125,7/1/20,,,,,,,Undisclosed,,,,,,125,7/1/2020,Kimpton,COIVID-19 Temporary,,,
72,,Kimpton Hotel Monaco Denver,Denver,145,6/21/2020,,,,,,,Not disclosed,,,,,,145,6/21/2020,Kimpton Hotel Monaco Denver,COVID - Temporary,,,
62,77,Laurel Manor Care Center,Pikes Peak,77,11/11/20,,,,,,,Various (See WARN),,,,,,,8/27/2020,Laurel Manor Care,Closure-Perm,,,
72,59,LeMeridian Denver - Update,Denver,59,8/31/20,,,,,,,Various (See WARN),,,,,,,8/28/2020,Le Meridian,COVID - Permanent,,,
72,,LeMeridien Denver - Update,Denver,111,7/2/20,,,,,,,"Various: Servers, Cooks, Auditors, Marketing, Front Desk, Hostess, Phone Attendent, bartenders and more.; : 73-extended furlough, 50% Hr Reduction: 25, Perm Layoff- 13",,,,,,111,7/2/2020,LeMeridien Denver,COVID-19 - Temporary Layoffs Extension,,,
54,,Liberty Oilfield Services,Adams,183,4/2/20,,,,,,,Various: Request WARN for detail.,,,,,,183,4/2/2020,Liberty Oilfield,COVID-19 - Temporary Closure,,,
54,153,Liberty Oilfield Services,Adams,153,4/27/20,,,,,,,Not Disclosed,,,,,,,4/27/2020,Liberty Oilfield Services,Permanent,,,
72,94,LSG Group/Sky Chefs,Denver,94,,,,,,,,"Food equipment handlers, food preparers, supply clerks and others (See WARN)",,,,,,,8/28/2019,LSG Group,COVID -19 Permanent,,,
72,300,"Luckys Markets, Luckys Cafe, Lucky's Bakehouse Creamery",Boulder,300,,,,,,,,Various: Request WARN for detail.,,,,,,,1/23/2020,Boulder,Closure-Perm,,,
72,,Mariott Denver Tech Center,Denver,196,3/17/20,,,,,,,Variety of postions - Request WARN for detail,,,,,,196,3/30/2020,Denver Marriott Tech Ctr,COVID-19 Temporary Closure,,,
72,,Marriott Colorado Springs,Pikes Peak,101,3/16/20,,,,,,,"Various: Restaurant, Banaquets, Kitchen Front Office, Housekeeping, Laundry Admin, sales & catering positions",,,,,,101,4/3/2020,Marriott CS,COVID-19 - Temporary Closure,,,
72,,Marriott Denver South - Update,Arapahoe/Doughlas,55,7/2/20,,,,,,,"Various: Servers, Managers, Dishwashers, Auditors, Bartenders, Chefs, HR Managers, Public Area Attendants and more; 55   (17- Permant layoffs, 1- 50% hr reduction, 37-Extended furloughs",,,,,,55,7/2/2020,Marriott Denver South Update,"COVID-19 - Permanent, Temporary",,,
72,61,Marriott Denver West,Jefferson,61,10/30/20,,,,,,,Various (See WARN),,,,,,,8/28/2020,Marriott Denver West,COVID - Permanent,,,
72,184,Marriott DTC,Arapahoe/Douglas,184,,,,,,,,Variety of postions - Request WARN for detail,,,,,,,6/18/2020,Marriott DTC (Update),Mass Layoff- Permanent,,,
72,45,Marriott Westminster - Update,Adams,45,7/2/20,,,,,,,"Various: Host/Cashier, Front Desk, Sous Chef, Attendants, Catering, Cooks, Audio Visual Supervisor, Sales and others: 45 (4- Permanent, 1-50% hr reduction, 40-Extended furlough",,,,,,,7/2/2020,Marriott Westminster,COVID-19 - Permanent & Temporary,,,
72,,Maven Hotel at Dairy Block,Denver,97,3/27/20,,,,,,,"Wait staff, bartenders, parking attendants, cooks, front desk, baristas, bellmen, room attendants",,,,,,97,3/27/2020,Maven Hotel,COVID-19 - Temporary Closure,,,
72,,Maven Hotel at Dairy Block - Update,Denver,73,6/16/20,,,,,,,"Various: Dir Sales, Lounge Services, Bartender, Line Cooks, Houskeeping, Managers and others; 84 REINSTATED, 73 LAID OFF",,,,,,73,5/15/2020,Maven,COVID-19 Temporary,,,
48,232,Menzies Aviation,Denver,232,11/9/20,,,,,,,"Ramp agents, mechanics, duty managers, ops agents, supervisors and others",,,,,,,9/10/2020,Menzies Aviation,COVID 19 - Permanent Closure,,,
44,,Mercedes-Benz of Little (European Motorcars of Littleton),Arapahoe/Douglas,61,,,,,,,,"sales, parts advisor, service advisor, finance, videographer, detailer, administrative & others",,,,,,61,4/1/2020,Mercedes of Littleton,COVID-19 - Temporary Closure,,,
51,,MetroLux 14 Theaters/MetroLux Dine-In/Metro Rocky Mountain Cinemas,Larimer,120,3/21/20,,,,,,,11 furlough,,,,,,120,3/20/2020,Metrolux 14,COVID-19 /Temporary Closure,,,
44,,Mike Shaw Chrysler Dodge Jeep Ram,Weld,42,4/3/20,,,,,,,Unspecified,,,,,,42,4/3/2020,Mike Shaw,COVID-19 - Temporary Closure,,,
44,,Mile High Honda/Acura (Braman Colorado Imports),Denver,63,,,,,,,,"sales, lot tech, controller, drive attendant, lube tech, parts runner & counter, shuttle driver, service advisor, wholesale parts",,,,,,63,4/1/2020,Mile High Honda,COVID-19 - Temporary Closure,,,
72,46,"Mining Exchange, a Wyndham Grand Hotel",Pikes Peak,76,9/10/20,,,,,,,"Dishwasher, line cook, restaurant server, engineer, chef, front desk agent, houskeeping, valet, concierge, dishwasher, nail technician, reservations agent, sales manager, massage therapists and others; 46 permanent, 30 temporary",,,,,,30,9/10/2020,"Mining Exchange, WyndhamGrand Hotel","COVID 19 - 46 permanent, 30 temporary",,,
72,,"Modern Mexican of Denver, LLC dba La Sandia",Denver,35,3/17/20,,,,,,,"servers, bussers, runners, bartenders, cooks hosts janitors",,,,,,35,3/17/2020,La Sandia,COVID-19/Temporary Closure,,,
31,196,Molson Coors (Update),Denver,196,,,,,,,,Various: Request WARN for detail.,,,,,,,1/15/2020,,Closure,,,
44,222,Mountain States Rosen,Weld,222,8/11/2020,,,,,,,Various: Request WARN for detail.,,,,,,,6/11/2020,Mountain States Rosen (Redacted),Closure - Permanent,,,
45,167,Nordstrom,Broomfield,167,6/21/20,,,,,,,"Various: Administration, Cash Room, Logistics Processor, Salespeople, Manager, Merchandiser and more",,,,,,,5/11/2020,Nordstrom,Closure - Permanent,,,
71,,North Colorado Springs Health & Fitness,Pikes Peak,107,3/31/20,,,,107,,,"Managers, Trainers, Front Desk, Member Sales, Instuctors",,,,,,,3/31/2020,North Co Springs Health & Fitness,Furlough,,,
54,6,Oakwood Worldwide (US) LP (Update to  12/30/19 WARN),Denver,6,3/30/20,,,,,,,"Various: Admin Assistant (1) Housekeeper  (4), Inventory Specialist (1)",,,,,,,1/28/2020,Oakwood Worldwide,Mass Layoff-Perm,,,
72,,Outrigger Marketing,Arapahoe/Douglas,11,4/3/20,,,,,,,Not disclosed,,,,,,11,4/1/2020,Outrigger,COVID-19 Temporary Closure,,,
72,,Oxford Hotel,Denver,186,3/27/20,,,,,,,"Wait staff, bartenders, parking attendants, cooks, front desk, baristas, bellmen, room attendants",,,,,,186,3/27/2020,Oxford Hotel,COVID-19 - Temporary Closure,,,
51,,Pac-12,Boulder,4,,,,,,,,Free lance writers; 531 total and 4 in Colorado,,,,,,4,4/3/2020,Pac-12,COVID-19- Temporary Closure,,,
32,,Paper Source,Denver,12,3/29/20,,,,,,,Variety of postions - Request WARN for detail,,,,,,12,3/27/2020,Paper Source Denver,COVID -19 - Temporary Closure,,,
32,,Paper Source,Arapahoe/Douglas,6,3/29/20,,,,,,,Variety of positions - Request WARN for detail,,,,,,6,3/27/2020,Paper Source AD,COVID-19 Temporary Closure,,,
32,,Paper Source,Pikes Peak,13,3/29/20,,,,,,,Variety of positions - Request WARN for detail,,,,,,13,3/27/2020,Paper Source Pikes Peak,COVID-19 Temporary Closure,,,
72,,Pappas Restaurants,Arapahoe/Douglas,145,3/22/20,,,,,,,"Bartenders, Bussers, Cooks, Dishwashers, Hosts, Managers, Office Admin, Servers, Service Tech, to Go Server",,,,,,145,3/25/2020,Pappas,COVID-19-Temporary Closure,,,
72,,Paradies Lagardere,Denver,97,7/2/20,,,,,,,"Managers, baristas, bartenders, cashiers, cooks, crew members, HR Associates",,,,,,,7/2/2020,Paradies Lagardere,COVID Temporary,,,
72,,Park Hyatt Beaver Creek Hotel,Rural,109,3/22/20,,,,109,,,"Various: Supervisor Servers, Cooks, Stewards, Valet -Car, Steward, Beverageand more; 109: 7 PERMANENT AND 102 FURLOUGHED",,,,,,,5/30/2020,Park Hyatt Beaver Creek Hotel,Furloughs and Hour Reductions,,,
72,,PF Chang Aurora,ADW,75,9/17/20,,,,75,,,Not Specified; 75 TOTAL ALL LOCATIONS,,,,,,,9/17/2020,PF Chang Aurora,"COVID 19 Reduced Hours, temporary",,,
72,,PF Chang Broomfield,Broomfield,,9/17/20,,,,0,,,Not Specified,,,,,,,9/17/2020,PF Chang Broomfield,"COVID 19 Reduced Hours, temporary",,,
72,,PF Chang Colo Springs,Pikes Peak,,9/17/20,,,,0,,,Not Specified,,,,,,,9/17/2020,PF Chang Colo Springs,"COVID 19 Reduced Hours, temporary",,,
72,,PF Chang Denver,Denver,,9/17/20,,,,0,,,Not Specified,,,,,,,9/17/20,PF Chang Denver,"COVID 19 Reduced Hours, temporary",,,
72,,PF Chang Lakewood,Jefferson,,9/17/20,,,,0,,,Not Specified,,,,,,,9/17/20,PF Chang Lakewood,"COVID 19 Reduced Hours, temporary",,,
72,,PF Chang Lone Tree,ADW,,9/17/20,,,,0,,,Not Specified,,,,,,,9/17/20,PF Chang Lone Tree,"COVID 19 Reduced Hours, temporary",,,
72,,PF Chang Loveland,Larimer,,9/17/20,,,,0,,,Not Specified,,,,,,,9/17/2020,,"COVID 19 Reduced Hours, temporary",,,
33,104,Plexus Corporation,Boulder (Louisville),104,3/22/20,,,,,,,"Various: Engineers (Analog, Digital, Mechanical, Product & Quality), Project Managers, and Management/Administrative.",,,,,,,1/22/2020,Plexus,Closure-Perm,,,
71,,Premier Entertainment,Not Disclosed,,9/30/20,,,,,,,Not disclosed,,,,,,0,7/27/2020,Premier Entertainment,COVID Temporary,,,
44,,Prestige Imports (Braman Colorado European Imports),Jefferson,45,,,,,,,,"sales, lot techs, detailers, Reps, body shop, part sales, porters service advisor, AP, and AR positions",,,,,,45,4/1/2020,Prestige Imp.,COVID-19- Temporary Closure,,,
56,,Prestige Maintenance,Various,76,,,,,,,,Various,,,,,,76,3/25/2020,Prestige Maint,COVID-19 Temporary Closure,,,
48,,Prospect Airport Services,Denver,145,4/8/20,,,,145,,,"Various: skycap, passenger service assistant, dispatcher, recruiter, supervisor, baggage handler",,,,,,,4/8/2020,Prospect,Furlough,,,
72,,Punch Bowl Socal,Denver,81,3/16/20,,,,,,,"Various: dishwasher, admin, food runners, prep cook, servers, hosts, line cook, bartenders, barbacks",,,,,,81,3/20/2020,Punch Bowl Social,COVID-19/Temporary Closure,,,
72,,Que Bueno,Denver DIA,24,3/29/20,,,,,,,undisclosed,,,,,,24,3/26/2020,Que Bueno,COVID-19 - Temporary Closure,,,
33,144,Raytheon Intelligence & Space,Colorado Springs,144,2/5/21,,,,,,,Various (See WARN),,,,,,,12/3/2020,Raytheon Intelligence and Space,Lost contract,,,
72,,Renaissance Hotel Denver Downton,Denver,111,3/13/20,,,,,,,Various: Request WARN for detail.,,,,,,111,4/2/2020,Renaissance,COVID-19 - Temporary Closure,,,
72,,Root Down,Denver DIA,121,3/29/20,,,,,,,undisclosed,,,,,,121,3/26/2020,Root Down,COVID-19 - Temporary Closure,,,
72,,"RS of Denver, dba Tamayo",Denver,66,3/17/20,,,,,,,"servers, bussers, runners, bartenders, cooks hosts janitors",,,,,,66,3/17/2020,Tamayo,COVID-19 /Temporary Closure,,,
44,217,Russell Stover Chocolates,Rural - Western Sub-Area,217,,,,,,,,"Various: Candymakers, Leads, Packers, Service Utility, Management, Machine Operators, Technicians and others.",,,,,,,5/19/2020,Russell Stover,Closure - Permanent,,,
56,77,S4 Inc.,Pikes Peak,77,,,,,,,,Various: IT positions,,,,,,,1/26/2020,S4,Loss of Contract,,,
72,,Sage Hospitality Group,Denver,48,3/17/20,,,,,,,Variety of positions - Request WARN for detail,,,,,,48,4/1/2020,Sage Hospitality,COVID-19 Temporary Closure,,,
72,,Sara Lee,Denver DIA,27,3/29,,,,,,,undisclosed,,,,,,27,3/26/2020,Sara Lee,COVID-19 - Temporary Closure,,,
32,80,Septodont Inc.,Boulder,80,,,,,,,,"production, finance, IT supply chain, warehouse, maintenance, engineering, quality control, quality assurance & admin",,,,,,,3/27/2020,Septodont,Closure,,,
42,,Shamrock Foods,Adams,134,,,,,,,,Not disclosed,,,,,,134,4/1/2020,Shamrock Denver,COVID-19 Temporary Closure,,,
42,,Shamrock Foods,Denver,11,,,,,,,,Not disclosed,,,,,,11,4/1/2020,Shamrock Commerce C,COVID-19 Temporary Closure,,,
72,,Sheraton Denver Downtown,Denver,414,3/21/20,,,,,,,"Various: Servers, Cooks, Stewards, Event Manger, Front Desk, Housekeeping, Purchasing, Maintenance & more",,,,,,414,6/4/2020,Sheraton Denver Downtown,"Temporary furloughs & layoffs, recuction in hours",,,
72,75,Sheraton Denver Tech,Arapahoe/Douglas,75,,,,,,,,"Various: Food Attendant, Room Attendant, Housekeepers, Front Desk Agent and more",,,,,,,5/7/2020,Sheraton Denver Tech,Mass Layoff - Permanent,,,
72,75,Sheraton Denver Tech,Arapahoe/Douglas,75,5/7/20,,,,,,,"Various: Banquet Servers & Setup, Accounting Clerk, Engineer, Barista, Event Sales, Front Desk and others",,,,,,,5/7/2020,Sheraton Denver Tech,Mass Layoff - Permanent,,,
42,,Sodexo (at University of Denver),Denver,98,,,,,,,,"Baker, Cashier, food service workers, cooks, supervisors and more (See WARN for complete list.)",,,,,,98,11/6/2020,Sodexo,COVID - Temporary,,,
42,,"Sodexo, Inc. /United Denver Clubs",Denver,248,4/30/20,,,,248,,,Not Disclosed,,,,,,,4/28/2020,"Sodexo, Inc.",Furlough,,,
53,79,Sonder USA,Adams,79,3/24/20,,,,,,,"Various: AR & AP Specialists, team leads, inbound sales, operations, recruiting coordinator, safety specialist, guest experinece team shift lead",,,,,,,3/24/2020,Sonder,Permanent Closure,,,
72,,Source Hotel,Denver,20,7/28/20,,,,,,,"Bartenders, Servers, Line Cooks, Kitchen Management, Engineering, Housekeeper, Front Desk Agent, Valet",,,,,,20,7/28/2020,Source Hotel,COVID Temporay,,,
42,82,"Southern Foods Group, LLC dba Dean Foods",Weld,82,,,,,,,,"Various: Filler Operators, Delivery Drivers, Maintenance Mechanics, Product Puller. Request WARN for complete list.",,,,,,,2/17/2020,Southern Food,Unforseen Business Circumstance -Perm,,,
48,1,Southwest Airlines,Denver,1,1/11/21,,,,,,,Material Specialist,,,,,,,11/6/2020,Southwest Airlines,COVID-Permanent,,,
48,,Southwest Airlines,Denver,4,1/25/21,,,,4,,,Ground Service Equipment Technicians,,,,,,,11/18/2020,Southwest AIrlines,COVID Furloughs (temporary),,,
48,,Southwest Airlines,Denver,556,3/15/21,,,,556,,,"First officer, flight attendant, customer service agent, provisioning agent, ramp agent",,,,,,,12/3/20,Southwest Airlines,Furloughs,,,
48,,Southwest Airlines (Union Contact Correction),Denver,0,,,,,0,,,N/A,,,,,,,11/30/20,Southwest Union Correction,Correction to Union Contact,,,
48,,Southwest Airlines Update,Denver,0,,,,,0,,,"First officer, flight attendant, customer service agent, provisioning agent, ramp agent",,,,,,,1/8/2021,Southwest Airlilnes 1-8-20,Recinded Layoffs due to PPP availability,,,
72,113,Spire Hospitality,Multiple: Denver and Pikes Peak,113,07/01/2020,,,,,,,"Various: Cooks, Laundry, Managers, Banquet Servers and others",,,,,,,6/26/2020,Spire Hospitality,Mass Layoff- Permanent,,,
72,,SSV Vail Mountain,Rural Resort,59,,,,,,,,Not Disclosed,,,,,,59,5/4/2020,SSV Vail Mtn,COVID - Temporary,,,
72,,St Julien,Boulder,208,7/3/20,,,,,,,"Various: massage therapists, banquet servers, cooks, house attendants, lobby and room attendants, spa concierge and stewards",,,,,,208,7/3/2020,St Julien,COVID - furloughs to temporary layoffs,,,
72,,St. Regis Aspen Resort,Rural Resort,263,3/21/20,,,,263,,,"Various: Spa Attendents, Conciere, cooks, management, engineers, Esthestician, Groundskeepers and more.",,,,,,,6/2/2020,St. Regis Aspen,furloughs and Hour Reductions,,,
56,371,"Startek, Inc.",Grand Junction (Mesa),371,5/31/20,,,,,,,"Various: Account Support Representatives, Customer Care Reps, Engagement Coaches & Mgrs, HR professionals, Trainers",,,,,,,3/9/2020,Startek,Downsize/Closure,,,
45,13,Stellar Partners,Denver,13,10/15/20,,,,,,,Various: Sales associates and supervisor,,,,,,,8/13/2020,Stellar Partners,COVID - Permanent,,,
44,,Stevinson Chevrolet West,Jefferson (Lakewood),33,3/30/20,,,,,,,Variety of positions - Request WARN for detail,,,,,,33,3/28/2020,Stevinson Chevrolet West,COVID-19 Temporary Closure,,,
44,,Stevinson Imports Inc.,Arapahoe/Douglas,32,3/30/20,,,,,,,Variety of positions - Request WARN for detail,,,,,,32,3/28/2020,Stevinson Imports,COVID-19 Temporary Closure,,,
44,,Stevinson Lexus of Frederick,Weld,34,3/30/20,,,,,,,Variety of positions - Request WARN for detail,,,,,,34,3/28/2020,Stevison Lexus of Frederick,COVID-19 Temporary Closure,,,
44,,Stevinson Lexus of Lakewood,Jefferson (Golden),71,3/30/20,,,,,,,Variety of positions - Request WARN for detail,,,,,,71,3/28/2020,Stevinson of Lakewood,COVID-19 Temporary Closure,,,
44,,Stevinson Toyota East,Arapahoe/Douglas,73,3/30/20,,,,,,,Variety of positions - Request WARN for detail,,,,,,73,3/28/2020,Stevinson Toyota East,COVID-19 Temporary Closure,,,
44,,Stevinson Toyota West,Jefferson (Lakewood),93,3/30/20,,,,,,,Variety of positions - Request WARN for detail,,,,,,93,3/28/2020,Stevinson Toyota West,COVID-19 Temporary Closure,,,
44,,Suitsupply,Denver,14,3/26/20,,,,14,,,"Various: Tailor, sales support, sales professional, sales supervisor, custom made specialist, store manager",,,,,,,3/26/2020,Suitsupply,Furlough,,,
62,,Sunrise Medical LLC,Boulder,23,4/13/20,,,,23,,,Not Disclosed,,,,,,,4/10/2020,Sunrise,Furlough,,,
48,,Swissport,Denver,37,5/29/20,,,,,,,"passenger services, ramp agent, deicer",,,,,,37,7/31/2020,Swissport,COVID Temporary,,,
72,,Tacos of Snowmass dba Venga Venga,Rural Resort,88,3/17/20,,,,,,,"servers, bussers, runners, bartenders, cooks hosts janitors",,,,,,88,3/17/2020,Venga Venga,COVID-19 /Temporary Closure,,,
72,,The Broadmoor,Pikes Peak,"1,411",3/29/20,,,,,,,Variety of positions - Request WARN for detail,,,,,,1411,3/31/2020,Broadmoor,COVID-19 Temporary Closure,,,
72,,The Jacquard Hotel & Rooftop - Update,Denver,102,3/13/20,,,,,,,Various: Request WARN for detail.,,,,,,102,4/2/2020,Jacquard,COVID-19 - Temporary Closure,,,
72,,The Lodge at Vail,Rural Consortium,89,4/6/20,,,,,,,Unspecified,,,,,,89,4/6/2020,Lodge at Vail,COVID-19 - Temporary Closure,,,
72,,The Lodge at Vail (revision increased by 1 to 90),Rural Resort,1,4/6/20,,,,1,,,Not Disclosed,,,,,,,4/20/2020,The Lodge at Vail Revised,Furlough,,,
72,,The Lodge at Vail-Update,Rural Resort,12,,,,,,,,Not Disclosed; 12 ADDITIONAL TOTALING 101,,,,,,12,5/4/2020,The Lodge at Vail,COVID - Temporary,,,
72,,The Ritz Carlton Bachelor Gulch,Rural,240,3/21/20,,,,240,,,"Various: Servers, Cooks, Stewards, Event Manger, Front Desk, Housekeeping, Purchasing, Maintenance & more",,,,,,,6/4/2020,Ritz Carton Bachelor Gulch,"Temporary furloughs & layoffs, recuction in hours",,,
72,,The Ritz Carlton Denver,Denver,232,3/21/20,,,,232,,,"Various: Servers, Cooks, Stewards, Event Manger, Front Desk, Housekeeping, Purchasing, Maintenance & more",,,,,,,6/5/2020,Ritz Carlton Denver,"Temporary furloughs & layoffs, recuction in hours",,,
72,,The Westin Denver Downtown,Denver,155,3/21/20,,,,155,,,"Various: Housekeepers, Runners, Servers, Cookes, Captains, Auditors, Bartenders, Attendants and more",,,,,,,6/2/2020,The Westin,Furloughs & Reduction in Hours,,,
72,61,The Westin Denver Downtown - Update,Denver,61,10/30/20,,,,,,,"Various: Captain, servers, housekeepers, runners, cooks, bartender, cooks and more",,,,,,,8/27/2020,The Westin Denver Downtown,COVID - Permanent,,,
72,,The Westin Denver International Airport,Denver,222,3/21/20,,,,,,,"Various: Servers, Cooks, Stewards, Event Manger, Front Desk, Housekeeping, Purchasing, Maintenance & more",,,,,,222,5/28/2020,Westin DIA,"Temporary furloughs & layoffs, recuction in hours",,,
72,,The Westin Snowmass Resort-Wildwood,Rural Consortium,129,5/26/20,,,,,,,"Various: Spa Therapist, Banquet Servers, Sales, Managers, Food Servers, Banquet Captain and Setup, Luggage Attendendent",,,,,,129,5/26/2020,Westin Snowmass,COVID-19 - Temporary Closure,,,
72,,The Westin Westminster,Adams,60,6/2/20,,,,,,,"Various: Banquet Servers, Cooks, Room Service, Banquet Setup, Managers, Houskeeping Front Desk Agent",,,,,,60,6/1/2020,Westin Westminster,COVID-19 - Temporary Closure,,,
72,,Timberline Steaks and Grill,Denver DIA,116,3/29/20,,,,,,,undisclosed,,,,,,116,3/26/2020,Timberline Steaks & Grill,COVID-19 - Temporary Closure,,,
92,,Town of Nederland,Boulder,3,3/27/20,,,,3,,,66 +14,,,,,,,3/27/2020,Nederland,Furlough,,,
48,,TSA Trans States Airlines,Denver,329,,,,,,,,Undisclosed,,,,,,329,3/19/2020,Trans States Airlines,COVID-19/Temporary Closure,,,
72,,Uncle Julio's Hacienda,Jefferson,75,3/19/20,,,,75,,,"Various: Cooks, Servers, trainers, bussers, hosts, dishwashers",,,,,,,3/19/2020,Uncle Julio's,Furlough,,,
48,,United Airlines,Denver,"2,820",10/1/20,,,,,,,Not Disclosed,,,,,,2850,7/8/2020,United,COVID-19 Temporary RIF,,,
48,75,United Airlines - Update 1,Denver,75,10/1/20,,,,,,,Not disclosed; 75 ADDITIONAL EMPLOYEES,,,,,,,7/30/2020,United Airlines Update,COVID Permanent,,,
48,,United Airlines- Updated,Denver,53,,,,,53,,,Not specified,,,,,,,8/31/2020,United Airlines Update,COVID 19 Extended Furlough,,,
73,,Upserve,Denver,12,06/25/2020,,,,12,,,"Various: Account Manager, Customer Success Manager, Customer Support Specalist and others",,,,,,,6/25/2020,Upserve,Furlough,,,
72,,Vail Beaver Creek Resort Properties,Rural Consortium,79,4/6/20,,,,,,,Unspecified,,,,,,79,4/6/2020,Vail Beaver Creek,COVID-19 - Temporary Closure,,,
72,,Vail Marriott Mountain Resort,Rural Consortium,250,4/6/20,,,,,,,Unspecified,,,,,,250,4/6/2020,Vail Marriott,COVID-19 - Temporary Closure,,,
72,,Vail Mountain,Rural Consortium,204,4/6/20,,,,,,,Unspecified,,,,,,204,4/6/2020,Vail Mtn,COVID-19 - Temporary Closure,,,
72,,Vail Mountain - Update,Rural Resort,4,,,,,,,,Not Disclosed; 4 ADDITIONAL TOTALING  208,,,,,,4,5/4/2020,Vail Mtn,COVID - Temporary,,,
72,,Vail/Beaver Creek Resort Properties - Update,Rural Resort,4,,,,,,,,Not Disclosed; 4 ADDITIONAL TOTALING 83,,,,,,4,5/4/2020,Vail-Beaver Creek,COVID - Temporary,,,
31,185,"Vestas Blades America, Inc.",Adams,185,1/17/21,,,,,,,Not stated,,,,,,,11/17/2020,Vestas Blades America,RIF - Permanent,,,
72,,W Aspen,Rural,124,3/21/20,,,,124,,,"Various: Servers, Cooks, Operations, Sous chef, Front Desk, Housekeeping, Purchasing, and more.",,,,,,,6/4/2020,W. Aspen,"Temporary furloughs & layoffs, recuction in hours",,,
72,,Warwick Denver Hotel,Denver,64,4/27/20,,,,64,,,"Cooks, Agents, Housekeeping, Bellmen, Cooks, Engineers, Dishwashers",,,,,,,4/27/2020,Warwick Denver Hotel,Furlough,,,
72,,Welk Resorts,Rural Resort,39,3/20/20,,,,,,,Variety of positions - Request WARN for detail,,,,,,39,3/20/2020,,COVID-19 Temporary Closure,,,
33,164,"Western Forge, Inc.",Pikes Peak (Colo Springs),164,,,,,,,,Unknown- Have requested information from Company,,,,,,,2/21/2020,Western Forge,Closures: Multiple locations-Perm,,,
51,,Wildhorse 6 Stadium Cinemas/Metro Rocky Mtn Cinemas,Rural Resort,21,3/21/20,,,,,,,2 on furlough,,,,,,21,3/20/2020,Wildhorse,COVID-19 /Temporary Closure,,,
52,64,World Remit,Denver,64,,,,,,,,Customer Services positions,,,,,,,7/14/2020,World Remit,Permanent - Not COVID related,,,
72,,Wyndam Hotels & Resorts-Cheyenne Mountain Resort,Pikes Peak,65,7/28/20,,,,,,,"Various:  serversattendants, cooks, housepersons, massage therapist and others",,,,,,65,7/28/2020,Wyndham Cheyenne Mountain Resort,COVID - Extension of temporary layoffs,,,
48,169,XPO Logistics Supply Chain/Jacobson Warehouse Company (Revised),Jefferson (Golden),169,3/20/20,,,,,,,"Various: Driver CDLs, PIT Operators, Transportation Specialists, RR Conductors, and others",,,,,,,1/20/2020,,Loss of Contract with MillerCoors,,,
48,0,XPO Logistics/Jacobson Warehouse Company,Jefferson (Golden),169,3/20/20,,,,,,,"Various: Drivers, Conductors, Operators, Management",,,,,,,1/15/2020,XPO,Correction: Loss of Contract with MillerCoors,,,
33,54,Zahn Dental,Jefferson (Golden),54,3/9/2020,,,,,,,"Various: Customer Care, CAD Scanners, Finishing Technicians, Machine Operators, Finishing Technicians & others",,,,,,,1/7/2020,Zahn Dental,Reorganization and relocation,,,
,,"ABM Aviation, Inc.",Denver,79,9/22/19,,,,,,,"Various Positions: Cargo Agent (65), Supervisors (7), Managers (3), Cargo Planner (1), Cargo Investigator (1), Admin Asst (1), Recruiter (1)",,,,,,,9/22/2019,,Loss of Contract with United Airlines,,,
,,Aramark Sports & Entertainment Services LLC,Denver,185,9/25/19,,,,,,,"Varous Positions: Servers, Cooks, bartenders, Cashiers, management, office, waiters/waitresses and more",,,,,,,7/24/2019,,Loss of Pepsi Center Contract,,,
,,AstraZeneca,Boulder & Longmont,210,3/22/19,,,,,,,"Quality Control, technicians, engineers & others",,,,,,,1/8/2019,,Closure,,,
,,Backflip Studios,Boulder,86,12/23/19,,,,,,,"Various: creative roles, management, engineers, product managers",,,,,,,10/23/2019,,Closure,,,
,,Brown Brothers Harriman & Co.,Arapahoe/Douglas,136,11/25/19 - 9/30/20,,,,,,,Various: CPAs CPAs Administrative positions related to investments,,,,,,,9/23/2019,,Loss of Contract/Closure,,,
,,"Conagra Brands, Inc.",Boulder,100,5/24/19 - 3/20/20,,,,,,,Not reported,,,,,,,2/5/19,,Closure,,,
,,Crothall Healthcare Environmental Services,Arapahoe/Douglas,283,6/30/19,,,,,,,"Housekeepers,  Admin, Operations, Patient Ambassadors",,,,,,,4/26/2019,,Closure,,,
,,"Energes Services, LLC",Larimer,121,"10/30/2019, 11/8/2019, 11/22/2019, 11/29/2019",,,,,,,"Various: Construction, Maintenece, Admin",,,,,,,10/30/2019,,Closure,,,
,,Geo Reentry Services LLC,Pikes Peak (Colo Springs),196,3/6/2020,,,,,,,"Various: Corrections Personnel (136), Rehabilitation Providers/Therapists (23), General Admin (17), Food Service (6), Medical (14)",,,,,,,1/7/2020,,Mass Layoff,,,
,,Halliburton Energy Services Inc.,Mesa,178,10/7/19,,,,,,,"Various: Drivers, Service Coordinators, Planners, Material Handlers, Mechanic Technicians, Parts Techs, Coordinators",,,,,,,10/7/2019,,Mass Layoff,,,
,,HomeAdvisor,Pikes Peak,229,1/1/20 to 1/14/20,,,,,,,Various: Predominately Sales Consultants and Project Advisors,,,,,,,,,Closure,,,
,,Invesco (OppenheimerFunds OFI),Arapahoe/Douglas (Centennial),850,5/25/19 (thru 18 mo following),,,,,,,Not disclosed in WARN,,,,,,,,,Downsizing,,,
,,Jagged Peak Energy Inc,Denver,92,Closure 1/10/20- 04/10/20,,,,,,,Various: Request WARN notification for specifics.,,,,,,,12/10/2019,,Closure/Sale of Company/Restructuring,,,
,,Levy Premium Foodservice LP,Denver,56,9/30/19,,,,,,,"Various Positions:  Servers (14), Cooks (13), Supervisors (6), Food Runners (4), Cashiers (3) and other positions",,,,,,,9/30/2019,,Loss of Pepsi Center Contract,,,
,,Molson Coors,Denver,300,12/31/19,,,,,,,Not disclosed in WARN,,,,,,,10/30/2019,,Downsizing,,,
,,National Express Transit (NEXT),Pikes Peak,60,6/30/19,,,,,,,"3 Managers and 57 hourly employees including General Manager, Saftety Manager/OPS, Drivers, Dispatchers, Dispatch Reservation Manager, Road Supervisors, Utility Workers, Scheduler, Reservationist",,,,,,,,,Closure,,,
,,Nestle USA Inc and Nestle Dreyer's Ice Cream,Denver,56,10/18/19-12/31/19,,,,,,,"Various: Sales, Delivery Drivers, Merchandisers, Warehouse",,,,,,,8/16/2019,,Restructuring/Closure of site,,,
,,Oakwood Worldwide,Denver,1,12/30/2019,,,,,,,Operations Manager,,,,,,,10/29/2019,,Mass Layoff,,,
,,PrimeFlight Aviation Services Inc.,Denver,439,9/18/19,,,,,,,"Various positions: Cabin Appearance Staff (380), Inventory Control (17), Operations Managers, & other positions",,,,,,,,,Loss of Contract with United Airlines,,,
,,Pura Vida Fitness & Spa,Denver,134,4/15/19,,,,,,,"Managers/Directors, therapists, instructors, & others",,,,,,,1/18/2019,,Closure,,,
,,QCData,Arapahoe/Douglas,,11/29/19 - 1/31/2020,,,,,,,Unknown,,,,,,,10/4/19,,Loss of Contract,,,
,,Resolute Natural Resources Company LLC,Denver,57,3/1/19,,,,,,,"Various: administration, engineers, & others",,,,,,,1/15/2019,,Merger,,,
,,S4 Inc.,Pikes Peak,77,Downsize 1/26/20,,,,,,,Various: IT positions,,,,,,,1/26/2020,,Loss of Contract,,,
,,"Sandoz Inc, A Novartis Division (Next Phase)",Broomfield,56,5/18/19 - 6/1/19,,,,,,,"Management, Production Technicans, administrative, Material Handlers",,,,,,,3/18/2019,,Closure,,,
,,"Sandoz Inc., A Novartis Division (Update)",Broomfield,24,4/13/19-5/30/19,,,,,,,"Production Technicians, Chemists, & more",,,,,,,,,Closure,,,
,,Sandoz-Novartis,Broomfield,24,7/6/19 - 7/31/19,,,,,,,"Lead Technicians (5), Equipment Maintenance Tech III (3), Production Technician III (16)",,,,,,,,,Closure,,,
,,Sandoz-Novartis,Broomfield,67,9/7/19 - 12/31/19,,,,,,,"Various positions: Administrative, Chemist, Supply Chain, Production, Quality, Techs, Logistics",,,,,,,7/8/2019,,Closure,,,
,,Sandoz-Novartis,Broomfield,37,10/5/19-12/31/19,,,,,,,"Various Positions: Logistics Productioins Support, Compliance, Quality Engineer, HR Specialist, Trainer, Management",,,,,,,8/5/19,,Closure,,,
,,Sandoz/Novartis (2nd Wave of Layoffs),Broomfield,116,4/13/19 - 5/19/19,,,,,,,"Production technicians, chemists, process & others",,,,,,,2/11/2019,,Closure,,,
,,Smithfield Fresh Meats Corporation,Denver,68,12/31/19 to 3/26/20,,,,,,,"Various: General Labor, Crew Leaders, Equipment Operators, Forklift Operations and others.",,,,,,,10/24/19,,Closure,,,
,,Spectrum Pharmaceuticals,Denver,3,4/12/19,,,,,,,"Application system analyst, data compliance officer, VP Sales",,,,,,,2/13/2019,,Divesting Product line/Sale to Acrotech Biopharma,,,
,,The Inn at Cherry Creek,Denver,18,"3/3/19, 3/31/19",,,,,,,"Front office, housekeeping, exec office, engineering & others",,,,,,,1/2/2019,,Closure (Temporary 18-24 mo),,,
,,Transform SR LLC (060401 & 01141 Units),Arapahoe/Douglas,80,12/15/19,,,,,,,"Various: Consultative Sales, Managers, Store Support, Fulfillment Center, Cashier, Auto Technicians, Customer Service",,,,,,,8/29/2019,,Change in Business Circumstances,,,
,,TTEC Services Corporation,Arapahoe/Douglas,174,10/5/19,,,,,,,Primarily Customer Service Agents working in different locations across the U.S.,,,,,,,10/5/2019,,Ending work-from-home ops,,,
,,Upsher-Smith Laboratories LLC,Denver,74,8/2/19 - 3/31/20,,,,,,,"Various postions: Manufacturing Technicians, scientists, engineers, technical services, instrument controls, operations",,,,,,,5/10/2019,,Closure,,,
,,Westrock,Arapahoe/Douglas,61,"3/25/19, 4/24/19, 5/24/19",,,,,,,"Production workers, auditors, technicians & others",,,,,,,3/25/2019,,Closure,,,
,,"WideOpenWest Networks LLC and WideOpenWest Illinois, LLC",Colorado Springs,203,3/10/19  (184) & 5/31/19  (19),,,,,,,"Customer Advocates, Business Tech Sup, Sales Retention Specialists & more",,,,,,,1/9/2019,,Downsize,,,
,,Zahn Dental,Jefferson (Golden),54,3/9/2020,,,,,,,"Various: Customer Care, CAD Scanners, Finishing Technicians, Machine Operators, Finishing Technicians & others",,,,,,,1/7/2020,,Reorganization and relocation,,,
,,ACME Brick Company,,42,,,,,,,,,,,,,,,10/29/2018,,Closure,,,Pikes Peak (Castle Rock)
,,"Advantage Logistics USA West LLC - Aurora, CO",,272,,,,,,,,,,,,,,,2/2/2019,,Closure (Cease Operations),,,Arapahoe/Douglas
,,"Advantage Logistics USA West LLC - Fountain, CO",,475,,,,,,,,,,,,,,,2/2/2019,,Closure (Cease Operations),,,Pikes Peak
,,Ameritrade Holding Company,,8,,,,,,,,,,,,,,,8/9/2018,,Reorganization,,,Adams
,,AstraZeneca,,210,,,,,,,,,,,,,,,1/8/2019,,Closure,,,Boulder & Longmont
,,Chipotle Mexican Grill,,399,,,,,,,,,,,,,,,6/29/2018,,Closure,,,Denver
,,"Conagra Brands, Inc.",,100,,,,,,,,,,,,,,,,,Closure,,,Boulder
,,Conduent Commercial Solutions LLC,,410,,,,,,,,,,,,,,,8/10/2018,,Change in business conditions,,,Pikes Peak
,,Courtyard Care Center Nursing Home/Family Health West,,51,,,,,,,,,,,,,,,12/1/2018,,Closure,,,Mesa County
,,Covenant Care at Home,,67,,,,,,,,,,,,,,,3/6/2018,,Closure,,,Adams
,,CPI Card Group,,79,,,,,,,,,,,,,,,2/12/2018,,Closure,,,Arapahoe/Douglas
,,Crothall Healthcare/ Patient Transport Dept,,65,,,,,,,,,,,,,,,10/22/2018,,Cease operations,,,Adams
,,Davita Clinical Research,,41,,,,,,,,,,,,,,,2/12/2018,,Other,,,Jefferson
,,Davita Clinical Research,,41,,,,,,,,,,,,,,,6/1/2018,,Closure,,,Jefferson
,,DCT Industrial,,,,,,,,,,,,,,,,,5/31/2018,,Closure,,,Denver
,,Dex YP,,39,,,,,,,,,,,,,,,7/27/2018,,Closure,,,Arapahoe/Douglas
,,Dream Center Education Holdings Inc/The Art Institute,,160,,,,,,,,,,,,,,,6/29/2018,,Closure,,,Denver
,,Dream Center Education Holdings LLC/Art Institute UPDATED to 12/31/18 closure date.,,160,,,,,,,,,,,,,,,7/20/2018,,Closure,,,Denver
,,First Data - Update 1/2/18,,149,,,,,,,,,,,,,,,1/2/2018,,Reduction in Force,,,Arapahoe Douglas
,,Fluor,,54,,,,,,,,,,,,,,,1/22/2018,,Other-Loss of Contract,,,Boulder
,,General Dynamics,,75,,,,,,,,,,,,,,,8/1/2018,,Ceasing Operations on a contract,,,Pikes Peak
,,General Dynamics Update 8-22-18 - Layoff date changed to 12/31/18,,75,,,,,,,,,,,,,,,8/22/2018,,Ceasing operations on a contract,,,Colorado Springs
,,Jackson National Life Insurance Company,,370,,,,,,,,,,,,,,,2/8/2018,,Closure,,,Denver
,,Jackson National Life Insurance Company,,156,,,,,,,,,,,,,,,8/13/2018,,Closure,,,Pikes Peak
,,Media News Group dba Digital First,,107,,,,,,,,,,,,,,,9/28/2018,,Downsize,,,Pikes Peak
,,National Planning Holdings,,7,,,,,,,,,,,,,,,1/26/2018,,Downsize due to sale,,,Denver
,,Northrop Grumman - Update 1/15/18,,38,,,,,,,,,,,,,,,1/15/2018,,Other-Loss of Contract,,,Pikes Peak
,,Northrop Grumman - Updated 1/2/18,,85,,,,,,,,,,,,,,,1/2/2018,,Other - Loss of Contract,,,Pikes Peak
,,Peak Reliability,,69,,,,,,,,,,,,,,,,,Terminate Operations,,,Larimer
,,Pura Vida Fitness & Spa,,134,,,,,,,,,,,,,,,4/15/2019,,Closure,,,Denver
,,Sandoz Inc.,,65,,,,,,,,,,,,,,,2/6/2018,,Closure,,,Broomfield
,,"Sandoz Inc., A Novartis Division (Update)",,24,,,,,,,,,,,,,,,,,Closure,,,Broomfield
,,Sandoz/Novartis (2nd Wave of Layoffs),,116,,,,,,,,,,,,,,,2/11/2019,,Closure,,,Broomfield
,,Schneider National Carriers Inc.,,119,,,,,,,,,,,,,,,2/15/2018,,Other - Loss of Contract,,,Arapahoe/Douglas
,,Scottrade - Ameritrade,,63,,,,,,,,,,,,,,,1/18/2018,,Other,,,Adams
,,Scottrade - Ameritrade,,10,,,,,,,,,,,,,,,5/3/2018,,Downsize,,,Adams
,,Spectrum Pharmaceuticals,,3,,,,,,,,,,,,,,,2/13/2019,,Divesting Product line/Sale to Acrotech Biopharma,,,Denver
,,St. Mary Corwin Medical Center,,272,,,,,,,,,,,,,,,3/8/2018,,Downsize,,,Pueblo
,,Startek,,261,,,,,,,,,,,,,,,1/31/2018,,Downsize,,,Pikes Peak
,,Startek Inc.,,186,,,,,,,,,,,,,,,8/17/2018,,Reduction in Force,,,Weld
,,The Cheesecake Factory,,96,,,,,,,,,,,,,,,10/24/2018,,Closure,,,Boulder
,,The Inn at Cherry Creek,,18,,,,,,,,,,,,,,,1/2/2019,,Closure (Temporary 18-24 mo),,,Denver
,,Wells Fargo/Consumer Lending Group Home Equity Fullfillment Group,,53,,,,,,,,,,,,,,,8/23/2018,,Closure of Unit,,,Pikes Peak
,,Westrock,,61,,,,,,,,,,,,,,,3/25/2019,,Closure,,,Arapahoe/Douglas
,,"WideOpenWest Networks LLC and WideOpenWest Illinois, LLC",,203,,,,,,,,,,,,,,,1/9/2019,,Downsize,,,Colorado Springs
,,Williams Field Services Group LLC,,,,,,,,,,,,,,,,,7/31/2018,,Selling assets,,,Rural (Durango)
,,Albertsons Store #1886,,72,,,,,,,,,,,,,,,3/20/2017,,Closure,,,Mesa
,,All Aboard -Recinded on 3/31/17,,117,,,,,,,,,,,,,,,1/30/2017,,Loss of Contract,,,Adams
,,All Aboard Transit Services - Resubmission 07/27/2017,,,,,,,,,,,,,,,,,7/27/2017,,Loss of Contract,,,Adams
,,Alorica,,288,,,,,,,,,,,,,,,10/30/2017,,Closure,,,Pikes Peak
,,CA Concessions of Colorado,,52,,,,,,,,,,,,,,,12/4/2017,,Loss of Contract/Downsize,,,Denver
,,Cardon Outreach,,60,,,,,,,,,,,,,,,1/3/2017,,Closure,,,Pikes Peak
,,Conduent Inc.,,244,,,,,,,,,,,,,,,5/19/2017,,Downsize,,,Arapahoe Douglas
,,Dollar Express,,37,,,,,,,,,,,,,,,3/30/2017,,Closure,,,Various
,,Express Scripts,,338,,,,,,,,,,,,,,,2/22/2017,,Closure,,,Pueblo
,,First Data,,201,,,,,,,,,,,,,,,10/13/2017,,Reduction in Force,,,Arapahoe Douglas
,,First Data - Update 1/2/18,,149,,,,,,,,,,,,,,,1/2/2018,,Reduction in Force,,,Arapahoe Douglas
,,K-Mart Corporation Store #04332,,81,,,,,,,,,,,,,,,1/4/2018,,Closure,,,Pikes Peak
,,Lockheed Martin,,79,,,,,,,,,,,,,,,11/1/2017,,Reduction in Force,,,Pikes Peak
,,Multi Packaging Solutions,,98,,,,,,,,,,,,,,,7/25/2017,,Closure,,,Arapahoe Douglas
,,National Ecological Observatory Network dba Battelle Ecology,,55,,,,,,,,,,,,,,,11/6/2017,,Reduction in Force,,,Boulder
,,National Planning Holdings Inc.,,13,,,,,,,,,,,,,,,12/14/2017,,Sale of business/Reduction in Force,,,Denver
,,National Planning Holdings Inc.,,42,,,,,,,,,,,,,,,8/30/2017,,Sale of business/Reduction in Force,,,Denver
,,Northrop Grumman,,50,,,,,,,,,,,,,,,11/2/2017,,Reduction in Force,,,Pikes Peak
,,Northrop Grumman - Updated 1/2/18,,85,,,,,,,,,,,,,,,1/2/2018,,Other - Loss of Contract,,,Pikes Peak
,,Pinnacle Foods,,27,,,,,,,,,,,,,,,1/5/2017,,Closure,,,Boulder
,,Savers,,62,,,,,,,,,,,,,,,3/2/2017,,Closure,,,Arapahoe Douglas
,,TD Ameritrade Holding Corporation,,84,,,,,,,,,,,,,,,12/6/2017,,Company Reorganization/Downsize,,,Adams
,,TD Ameritrade Holding Corporation,,32,,,,,,,,,,,,,,,10/10/2017,,Company Wide Reorganization,,,Adams
,,UnitedHealth Group,,119,,,,,,,,,,,,,,,2/15/2017,,Downsize,,,Arapahoe Douglas
,,UtiliQuest,,78,,,,,,,,,,,,,,,12/8/2017,,Loss of Contract/Closure,,,Tri-County
,,Verizon/XO Communications,,49,,,,,,,,,,,,,,,6/27/2017,,Restructuring,,,Arapahoe Douglas
,,Viavi Solutions Inc.,,61,,,,,,,,,,,,,,,2/7/2017,,Corporate Restructuring,,,Pikes Peak
,,WalMart,,68,,,,,,,,,,,,,,,1/17/2017,,Closure,,,Denver
,,Walmart Store #1208,,153,,,,,,,,,,,,,,,6/5/2017,,Closure,,,Jefferson
,,Walmart Store #3020,,65,,,,,,,,,,,,,,,6/5/2017,,Closure,,,Jefferson
,,Walmart Store #3096,,74,,,,,,,,,,,,,,,5/23/2017,,Closure,,,Boulder
,,XTO Energy Western Div Office,,113,,,,,,,,,,,,,,,6/20/2017,,Closure - Move to other Company locations,,,Arapahoe Douglas
,,Zenith Education Group,,27,,,,,,,,,,,,,,,11/3/2017,,Closure,,,Adams
,,Zenith Education Group,,26,,,,,,,,,,,,,,,11/3/2017,,Closure,,,Pikes Peak
,,Sports Authority - Lone Tree Store,,70,,,,,,,,,,,,,,,7/13/2017,,Closure,,,Arapahoe/Douglas
,,SMA America Production LLC,,220,,,,,,,,,,,,,,,12/31/2016,,Closure,,,Denver
,,Coleman,,54,,,,,,,,,,,,,,,12/20/2016,,Closure,,,Jefferson
,,MV Public Transportation,,52,,,,,,,,,,,,,,,10/21/2016,,Closure,,,Mesa
,,Climax Molybdenum Co - Henderson Mine & Mill - REV #5,,,,,,,,,,,,,,,,,10/11/2016,,Revision,,,Jefferson
,,Swissport,,187,,,,,,,,,,,,,,,9/16/2016,,Downsize,,,Denver
,,Climax Molybdenum Co - Henderson Mine & Mill - REV #4,,200,,,,,,,,,,,,,,,8/26/2016,,Revision,,,Jefferson
,,Sports Authority - Store Support Center,,144,,,,,,,,,,,,,,,8/26/2016,,Closure,,,Arapahoe/Douglas
,,General Dynamics Information Technology,,60,,,,,,,,,,,,,,,8/18/2016,,Ceasing certain operations,,,Pikes Peak/Teller
,,Lake Region Medical - Layoffs 8-10-16,,60,,,,,,,,,,,,,,,8/10/2016,,Closure,,,Jefferson
,,Integra,,59,,,,,,,,,,,,,,,8/4/2016,,Downsize,,,Denver
,,Honeywell Technology Solutions Inc - REV,,210,,,,,,,,,,,,,,,7/28/2016,,Potential Downsize,,,Pikes Peak/Teller
,,Packaging Corporation of America,,70,,,,,,,,,,,,,,,7/25/2016,,Closure,,,Adams
,,Excelsior,,80,,,,,,,,,,,,,,,7/20/2016,,Closure,,,Arapahoe/Douglas
,,Northwest Pipe Company,,65,,,,,,,,,,,,,,,7/12/2016,,Selling  Company,,,Denver
,,CCA- Kit Carson Correctional Facility,,141,,,,,,,,,,,,,,,7/5/2016,,Closure,,,Western
,,Xerox State Healthcare,,85,,,,,,,,,,,,,,,6/27/2016,,Other,,,Arapahoe/Douglas
,,Sports Authority,,70,,,,,,,,,,,,,,,6/23/2016,,Closure,,,Arapahoe/Douglas
,,Sports Authority,,,,,,,,,,,,,,,,,6/15/2016,,Revision,,,Arapahoe/Douglas
,,Climax Molybdenum Co - Henderson Mine & Mill - REV#3,,,,,,,,,,,,,,,,,6/14/2016,,Revision,,,Jefferson
,,Sports Authority,,,,,,,,,,,,,,,,,6/10/2016,,Revision,,,Arapahoe/Douglas
,,Honeywell Technology Solutions Inc.,,241,,,,,,,,,,,,,,,6/2/2016,,Potential Downsize,,,Pikes Peak/Teller
,,Sanjel,,54,,,,,,,,,,,,,,,5/31/2016,,Closure,,,Denver
,,Sanjel,,101,,,,,,,,,,,,,,,5/31/2016,,Closure,,,Weld
,,Sports Authority,,461,,,,,,,,,,,,,,,5/25/2016,,Closing,,,Arapahoe/Douglas
,,Gaiam Inc.,,34,,,,,,,,,,,,,,,5/11/2016,,Sale of Company,,,Boulder
,,DAL Global Services,,104,,,,,,,,,,,,,,,5/3/2016,,Downsize,,,Denver
,,XIO Technologies,,107,,,,,,,,,,,,,,,4/25/2016,,Closure,,,Pikes Peak/Teller
,,Lake Region Medical - Layoffs 4/21 and or 4/24/16,,19,,,,,,,,,,,,,,,4/11/2016,,Closure,,,Jefferson
,,Lake Region Medical - Layoffs 5/19 and/or 5/22/16,,26,,,,,,,,,,,,,,,4/11/2016,,Closure,,,Jefferson
,,Lake Region Medical - Layoffs 5/5 and/or 5/8/16,,31,,,,,,,,,,,,,,,4/11/2016,,Closure,,,Jefferson
,,Lake Region Medical - Layoffs 6/2 and/or 6/5/16,,28,,,,,,,,,,,,,,,4/11/2016,,Closure,,,Jefferson
,,Baxter Healthcare,,106,,,,,,,,,,,,,,,4/5/2016,,Closure,,,Arapahoe/Douglas
,,Xerox Business Services,,328,,,,,,,,,,,,,,,3/31/2016,,Downsize,,,Pikes Peak/Teller
,,Tubular Repair,,7,,,,,,,,,,,,,,,3/19/2016,,Potential Closure,,,Rural Resort
,,Sky Hotel 39 Degrees Recinds Layoffs from 2/5/16 WARN,,,,,,,,,,,,,,,,,3/18/2016,,N/A,,,Rural Resort
,,MYCOM North America,,2,,,,,,,,,,,,,,,3/15/2016,,Closure,,,Arapahoe/Douglas
,,WPX Energy,,208,,,,,,,,,,,,,,,3/10/2016,,Closure,,,Rural Resort
,,Jacobs Technology Inc - ETASS Group.,,70,,,,,,,,,,,,,,,2/29/2016,,Downsize,,,Pikes Peak/Teller
,,Bowie Resources LLC - Bowie Mine #2,,102,,,,,,,,,,,,,,,2/26/2016,,Idle,,,Western
,,Climax Molybdenum Co - Henderson Mine & Mill - REV#2,,,,,,,,,,,,,,,,,2/25/2016,,Downsize,,,Jefferson
,,Sports Authority,,72,,,,,,,,,,,,,,,2/23/2016,,Closure,,,Denver
,,Vail Cascade,,200,,,,,,,,,,,,,,,2/17/2016,,Job Attached,,,Rural Resort
,,Honeywell,,8,,,,,,,,,,,,,,,2/12/2016,,Downsize,,,Pikes Peak/Teller
,,Startek,,89,,,,,,,,,,,,,,,2/10/2016,,Downsize,,,Pikes Peak/Teller
,,Leggett and Platt,,62,,,,,,,,,,,,,,,2/5/2016,,Closure,,,Pikes Peak/Teller
,,Sky Hotel 39 Degrees,,91,,,,,,,,,,,,,,,2/5/2016,,Closure,,,Rural Resort
,,All Web Leads Inc.,,103,,,,,,,,,,,,,,,2/3/2016,,Closure,,,Denver
,,Jones International University,,28,,,,,,,,,,,,,,,1/31/2016,,Closure,,,Arapahoe/Douglas
,,VMWare,,38,,,,,,,,,,,,,,,1/26/2016,,Downsize,,,Broomfield
,,VMWare,,48,,,,,,,,,,,,,,,1/26/2016,,Downsize,,,Pikes Peak/Teller
,,Climax Molybdenum Co - Henderson Mine & Mill - REV#1,,210,,,,,,,,,,,,,,,1/25/2016,,Downsize,,,Jefferson
,,Republic Airways Holdings,,158,,,,,,,,,,,,,,,1/25/2016,,Closure,,,Denver
,,Sprint,,247,,,,,,,,,,,,,,,1/22/2016,,Downsize,,,Arapahoe/Douglas
,,Concentrix,,348,,,,,,,,,,,,,,,1/18/2016,,Closure,,,Boulder
,,Walmart Store #3021,,65,,,,,,,,,,,,,,,1/15/2016,,Closure,,,Arapahoe/Douglas
,,Walmart Store #5002,,78,,,,,,,,,,,,,,,1/15/2016,,Closure,,,Denver
,,Safeway,,98,,,,,,,,,,,,,,,1/4/2016,,Closure,,,Denver
,,Climax Molybdenum Co - Henderson Mine & Mill -,,200,,,,,,,,,,,,,,,11/3/2015,,Job Attached,,,Jefferson
,,Albertsons #632,,38,,,,,,,,,,,,,,,6/4/2015,,Closure,,,Mesa County
,,Albertsons #8584,,78,,,,,,,,,,,,,,,3/24/2015,,Closure,,,Pikes Peak/Teller
,,Ambassadors Group,,1,,,,,,,,,,,,,,,4/27/2015,,Downsize,,,Denver
,,Baker Hughes Inc.,,17,,,,,,,,,,,,,,,9/30/2015,,Downsize,,,Adams County
,,Baker Hughes Inc.,,124,,,,,,,,,,,,,,,8/12/2015,,Downsize,,,Adams County
,,"Baker Hughes, Inc.",,2,,,,,,,,,,,,,,,11/3/2015,,Downsize,,,Adams County
,,Bayou Well Services,,250,,,,,,,,,,,,,,,5/15/2015,,Downsize,,,Weld
,,Bowie Resources LLC,,78,,,,,,,,,,,,,,,9/30/2015,,Downsize,,,Western
,,Capstone Logistics,,69,,,,,,,,,,,,,,,4/3/2015,,Downsize,,,Denver
,,Climax Molybdenum Company,,200,,,,,,,,,,,,,,,11/3/2015,,Job Attached Layoff,,,Jefferson County
,,Corinthian Colleges Inc./Everest College,,214,,,,,,,,,,,,,,,1/30/2015,,Closure,,,Pikes Peak/Teller
,,Curian Capital,,224,,,,,,,,,,,,,,,8/4/2015,,Closure,,,Denver
,,Diamond Wire Material Technologies,,45,,,,,,,,,,,,,,,7/28/2015,,Downsize,,,Pikes Peak/Teller
,,ECMC Group,,137,,,,,,,,,,,,,,,9/1/2015,,Downsize,,,Adams County
,,EOS CCA,,60,,,,,,,,,,,,,,,9/15/2015,,Closure,,,Denver
,,Fidelity Exploration & Production Company,,106,,,,,,,,,,,,,,,11/4/2015,,Closure,,,Denver
,,First Student,,150,,,,,,,,,,,,,,,4/30/2015,,Closure,,,Mesa
,,Frontier Airlines Inc.,,1152,,,,,,,,,,,,,,,1/16/2015,,Closure,,,Denver
,,Intuit,,59,,,,,,,,,,,,,,,6/25/2015,,Downsize,,,Arapahoe/Douglas
,,Iqor Inc.,,251,,,,,,,,,,,,,,,1/2/2015,,Downsize,,,Pueblo
,,Jacobs Technology Inc - ETASS Group.,,70,,,,,,,,,,,,,,,2/29/2016,,Downsize,,,Pikes Peak/Teller
,,Jones International University,,28,,,,,,,,,,,,,,,1/31/2016,,Closure,,,Arapahoe/Douglas
,,K-Mart-Sears Distribution Center,,103,,,,,,,,,,,,,,,1/6/2015,,Closure,,,Adams County
,,KIRA,,364,,,,,,,,,,,,,,,7/30/2015,,Downsize,,,Pikes Peak/Teller
,,Linn Energy,,52,,,,,,,,,,,,,,,4/15/2015,,Closure,,,Denver
,,Lockheed Martin,,126,,,,,,,,,,,,,,,10/23/2015,,Downsize,,,Pikes Peak/Teller
,,Lockheed Martin,,119,,,,,,,,,,,,,,,7/20/2015,,Downsize,,,Pikes Peak/Teller
,,Lockheed Martin,,130,,,,,,,,,,,,,,,7/20/2015,,Downsize,,,Pikes Peak/Teller
,,Lockheed Martin-Rev to 7/20/15 WARN,,,,,,,,,,,,,,,,,8/6/2015,,Downsize,,,Pikes Peak/Teller
,,MMC,,64,,,,,,,,,,,,,,,3/25/2015,,Closure,,,Glendale
,,Moneygram Payment Systems Inc. (MPSI),,1,,,,,,,,,,,,,,,7/31/2015,,Closure,,,Jefferson County
,,Moneygram Payment Systems Inc. (MPSI),,1,,,,,,,,,,,,,,,6/14/2015,,Closure,,,Jefferson County
,,Moneygram Payment Systems Inc. (MPSI),,1,,,,,,,,,,,,,,,5/31/2015,,Closure,,,Jefferson County
,,Moneygram Payment Systems Inc. (MPSI),,1,,,,,,,,,,,,,,,5/17/2015,,Closure,,,Jefferson County
,,Moneygram Payment Systems Inc. (MPSI),,8,,,,,,,,,,,,,,,5/2/2015,,Closure,,,Jefferson County
,,Moneygram Payment Systems Inc. (MPSI),,1,,,,,,,,,,,,,,,5/1/2015,,Closure,,,Jefferson County
,,Moneygram Payment Systems Inc. (MPSI),,1,,,,,,,,,,,,,,,4/30/2015,,Closure,,,Jefferson County
,,Moneygram Payment Systems Inc. (MPSI),,1,,,,,,,,,,,,,,,4/1/2015,,Closure,,,Jefferson County
,,Moneygram Payment Systems Inc. (MPSI),,4,,,,,,,,,,,,,,,3/30/2015,,Closure,,,Jefferson County
,,Moneygram Payment Systems Inc. (MPSI),,7,,,,,,,,,,,,,,,1/27/2015,,Closure,,,Jefferson County
,,Moneygram Payment Systems Inc. (MPSI),,4,,,,,,,,,,,,,,,1/6/2015,,Closure,,,Jefferson County
,,Newfield Exploration Company,,91,,,,,,,,,,,,,,,5/28/2015,,Closure,,,Denver
,,Northwest Pipe Company,,65,,,,,,,,,,,,,,,7/12/2016,,Closure,,,Denver
,,Ouray Silver Mines,,82,,,,,,,,,,,,,,,8/4/2015,,Job Attached Layoff,,,Western
,,Pioneer Natural Resources,,75,,,,,,,,,,,,,,,5/4/2015,,Closure,,,Denver
,,Pioneer Natural Resources - Trinidad,,102,,,,,,,,,,,,,,,5/4/2015,,Downsize,,,Southeast
,,Quad/Graphics,,151,,,,,,,,,,,,,,,8/27/2015,,Closure,,,Various Regions
,,Qualcomm,,158,,,,,,,,,,,,,,,9/17/2015,,Downsize,,,Boulder
,,Safeway,,98,,,,,,,,,,,,,,,1/4/2016,,Closure,,,Denver
,,Select Medical,,68,,,,,,,,,,,,,,,9/25/2015,,Closure,,,Denver
,,Serco-NA,,69,,,,,,,,,,,,,,,1/21/2015,,Downsize,,,Pikes Peak/Teller
,,Sinton Dairy Foods Company/ Borden,,122,,,,,,,,,,,,,,,3/16/2015,,Closure,,,Pikes Peak/Teller
,,Sinton Dairy Foods Company/ Borden-Rev to 3/16/15,,,,,,,,,,,,,,,,,7/20/2015,,Closure,,,Pikes Peak/Teller
,,Sinton Dairy Foods Company/ Borden-Rev to 3/16/15,,,,,,,,,,,,,,,,,7/1/2015,,Closure,,,Pikes Peak/Teller
,,Sinton Dairy Foods Company/ Borden-Rev to 3/16/15,,,,,,,,,,,,,,,,,5/15/2015,,Closure,,,Pikes Peak/Teller
,,Sinton Dairy Foods Company/ Borden-Rev to 3/16/15,,,,,,,,,,,,,,,,,5/11/2015,,Closure,,,Pikes Peak/Teller
,,Sprint,,247,,,,,,,,,,,,,,,1/22/2016,,Downsize,,,Arapahoe/Douglas
,,Staples,,59,,,,,,,,,,,,,,,2/10/2015,,Closure,,,Arapahoe/Douglas
,,Target Corporation - TCC Cooking Company LLC,,241,,,,,,,,,,,,,,,11/13/2015,,Closure,,,Pikes Peak/Teller
,,Trulia,,33,,,,,,,,,,,,,,,2/17/2015,,Other,,,Denver
,,Union Pacific Company,,300,,,,,,,,,,,,,,,11/16/2015,,Closure,,,Denver
,,Urban Fulfillment,,265,,,,,,,,,,,,,,,7/6/2015,,Closure,,,Jefferson County
,,UTI,,10,,,,,,,,,,,,,,,7/17/2015,,Closure,,,Pikes Peak/Teller
,,VMWare,,38,,,,,,,,,,,,,,,1/26/2016,,Downsize,,,Broomfield
,,VMWare,,48,,,,,,,,,,,,,,,1/26/2016,,Downsize,,,Pikes Peak/Teller
,,Walmart Store #3021,,65,,,,,,,,,,,,,,,1/15/2016,,Closure,,,Arapahoe/Douglas
,,Walmart Store #5002,,78,,,,,,,,,,,,,,,1/15/2016,,Closure,,,Denver
,,Western Forge,,150,,,,,,,,,,,,,,,9/2/2015,,Downsize,,,Pikes Peak/Teller
,,WPX Energy,,142,,,,,,,,,,,,,,,3/2/2015,,Closure,,,Denver
,,WPX Energy-Rev to 3/2/15,,2,,,,,,,,,,,,,,,11/30/2015,,Closure,,,Denver
,,WPX Energy-Rev to 3/2/15,,91,,,,,,,,,,,,,,,7/9/2015,,Closure,,,Denver
,,Zenith Education Group,,152,,,,,,,,,,,,,,,4/29/2015,,Downsize,,,Adams County
